-- MySQL dump 10.13  Distrib 5.5.47, for debian-linux-gnu (x86_64)
--
-- Host: localhost    Database: aservice
-- ------------------------------------------------------
-- Server version	5.5.47-0ubuntu0.14.04.1-log

/*!40101 SET @OLD_CHARACTER_SET_CLIENT=@@CHARACTER_SET_CLIENT */;
/*!40101 SET @OLD_CHARACTER_SET_RESULTS=@@CHARACTER_SET_RESULTS */;
/*!40101 SET @OLD_COLLATION_CONNECTION=@@COLLATION_CONNECTION */;
/*!40101 SET NAMES utf8 */;
/*!40103 SET @OLD_TIME_ZONE=@@TIME_ZONE */;
/*!40103 SET TIME_ZONE='+00:00' */;
/*!40014 SET @OLD_UNIQUE_CHECKS=@@UNIQUE_CHECKS, UNIQUE_CHECKS=0 */;
/*!40014 SET @OLD_FOREIGN_KEY_CHECKS=@@FOREIGN_KEY_CHECKS, FOREIGN_KEY_CHECKS=0 */;
/*!40101 SET @OLD_SQL_MODE=@@SQL_MODE, SQL_MODE='NO_AUTO_VALUE_ON_ZERO' */;
/*!40111 SET @OLD_SQL_NOTES=@@SQL_NOTES, SQL_NOTES=0 */;

--
-- Current Database: `aservice`
--

CREATE DATABASE /*!32312 IF NOT EXISTS*/ `aservice` /*!40100 DEFAULT CHARACTER SET utf8 COLLATE utf8_unicode_ci */;

USE `aservice`;

--
-- Table structure for table `calendar`
--

DROP TABLE IF EXISTS `calendar`;
/*!40101 SET @saved_cs_client     = @@character_set_client */;
/*!40101 SET character_set_client = utf8 */;
CREATE TABLE `calendar` (
  `id` int(11) NOT NULL AUTO_INCREMENT,
  `title` varchar(255) NOT NULL,
  `startdate` varchar(48) NOT NULL,
  `enddate` varchar(48) NOT NULL,
  `allDay` varchar(5) NOT NULL,
  PRIMARY KEY (`id`),
  UNIQUE KEY `id` (`id`)
) ENGINE=InnoDB DEFAULT CHARSET=latin1;
/*!40101 SET character_set_client = @saved_cs_client */;

--
-- Dumping data for table `calendar`
--

LOCK TABLES `calendar` WRITE;
/*!40000 ALTER TABLE `calendar` DISABLE KEYS */;
/*!40000 ALTER TABLE `calendar` ENABLE KEYS */;
UNLOCK TABLES;

--
-- Table structure for table `customer`
--

DROP TABLE IF EXISTS `customer`;
/*!40101 SET @saved_cs_client     = @@character_set_client */;
/*!40101 SET character_set_client = utf8 */;
CREATE TABLE `customer` (
  `id` int(11) NOT NULL AUTO_INCREMENT,
  `name` text COLLATE utf8_unicode_ci NOT NULL,
  `phone` text COLLATE utf8_unicode_ci NOT NULL,
  `created_at` timestamp NOT NULL DEFAULT CURRENT_TIMESTAMP,
  PRIMARY KEY (`id`)
) ENGINE=InnoDB AUTO_INCREMENT=61 DEFAULT CHARSET=utf8 COLLATE=utf8_unicode_ci;
/*!40101 SET character_set_client = @saved_cs_client */;

--
-- Dumping data for table `customer`
--

LOCK TABLES `customer` WRITE;
/*!40000 ALTER TABLE `customer` DISABLE KEYS */;
INSERT INTO `customer` VALUES (1,'Шлакоблок Петр Петрович','8976656666','2016-03-22 11:55:09'),(2,'Валенок Антон Семенович','+792512345589','2016-03-22 11:55:09'),(3,'Петр Первый','899090','2016-03-22 11:55:09'),(4,'Василий Олегович Вассерманович','+795815355589','2016-03-22 11:55:09'),(5,'Купин Василий Гаврилович','89834563232','2016-03-22 13:26:57'),(6,'Шлакоблок','89834563232','2016-04-18 05:36:03'),(46,'Федор','899454545','2016-04-21 06:54:50'),(49,'Марина Петровна','+78987878788','2016-04-21 07:13:12'),(50,'Ивашкин Василий','+79302345454','2016-04-22 07:51:38'),(51,'Кудряшкин Олег','89406541212','2016-04-22 07:57:52'),(52,'Федот Архипов','89324567676','2016-04-22 08:40:28'),(53,'Мудилов Артур','89876547676','2016-04-22 08:45:50'),(54,'Вася Петров','+78987878788','2016-04-22 08:52:39'),(55,'Петя Какашкин','+79251234566','2016-04-22 08:56:36'),(56,'Вован Иванов','8932454545','2016-04-22 09:12:37'),(57,'Мишарин Хуй Иванович','89432545545','2016-04-22 09:26:35'),(58,'Кукареку Слоник','8932154545','2016-04-22 10:16:52'),(59,'Петров Максим Максимов','893215672121','2016-04-22 10:19:14'),(60,'Хренушкин Иван Иванович','8932465657','2016-04-22 10:23:17');
/*!40000 ALTER TABLE `customer` ENABLE KEYS */;
UNLOCK TABLES;

--
-- Table structure for table `customer_car`
--

DROP TABLE IF EXISTS `customer_car`;
/*!40101 SET @saved_cs_client     = @@character_set_client */;
/*!40101 SET character_set_client = utf8 */;
CREATE TABLE `customer_car` (
  `id` int(11) NOT NULL AUTO_INCREMENT,
  `name` text COLLATE utf8_unicode_ci NOT NULL,
  `mileage` int(11) NOT NULL,
  `vin` text COLLATE utf8_unicode_ci NOT NULL,
  `gv_number` varchar(32) COLLATE utf8_unicode_ci NOT NULL,
  `created_at` timestamp NOT NULL DEFAULT CURRENT_TIMESTAMP,
  PRIMARY KEY (`id`)
) ENGINE=InnoDB AUTO_INCREMENT=21 DEFAULT CHARSET=utf8 COLLATE=utf8_unicode_ci;
/*!40101 SET character_set_client = @saved_cs_client */;

--
-- Dumping data for table `customer_car`
--

LOCK TABLES `customer_car` WRITE;
/*!40000 ALTER TABLE `customer_car` DISABLE KEYS */;
INSERT INTO `customer_car` VALUES (1,'Car1',1,'1234567890ZXCVBNM','123','2016-03-22 11:55:10'),(2,'Car2',2,'ZXASQEV63BM1C9K0H','456','2016-03-22 11:55:10'),(3,'Car3',3,'P094YTFHNVME673J4','789','2016-03-22 11:55:10'),(4,'Car4',4,'U8R4UNGHFYR657VBF','012','2016-03-22 11:55:10'),(5,'BMW',45555,'VIN43GHY26539GASD','654','2016-03-22 11:55:10'),(6,'Car6',6,'URIE84HFSKKR904RH','678','2016-03-22 11:55:10'),(7,'Car7',7,'GKRGRJGIRJGIRJGIR','901','2016-03-22 11:55:10'),(8,'Car8',8,'R48RU48RU8F48UF4F','234','2016-03-22 11:55:10'),(9,'BMW',50000,'4R444GGGGJHUIKIOL','432','2016-03-22 13:26:57'),(10,'MITSUBISHI',24124124,'1094YTFHNVME67345','323','2016-04-21 07:53:25'),(11,'SUBARU',100000,'2094YTFHNVME67345','г876ку','2016-04-22 07:51:38'),(12,'FORD EX',34555,'SDE3456MNJU786573','к334кк','2016-04-22 07:57:52'),(13,'ВАЗ2112',43333,'HGEVCZGY762876JKI','С443ВЫ','2016-04-22 08:40:28'),(14,'ВАЗ433',5454535,'DE45TESAVGT7YGJKL','RE32','2016-04-22 08:45:50'),(15,'Porsche',90500,'JI453UIVBNER9384H','434','2016-04-22 08:52:39'),(16,'BMW311',98766,'GT5678902BNMGHT67','5453','2016-04-22 09:08:45'),(17,'Амнезия',90000,'FRUQPNMCY78546HB4','432','2016-04-22 09:12:37'),(18,'Porsche',76888,'ZXCDFVRENY1234567','545','2016-04-22 10:16:52'),(19,'Subaru',9999999,'UIGBFNSYRG1234567','353','2016-04-22 10:19:14'),(20,'BMW113',45555,'MJKDHFYRIE1234567','432','2016-04-22 10:23:17');
/*!40000 ALTER TABLE `customer_car` ENABLE KEYS */;
UNLOCK TABLES;

--
-- Table structure for table `event_logs`
--

DROP TABLE IF EXISTS `event_logs`;
/*!40101 SET @saved_cs_client     = @@character_set_client */;
/*!40101 SET character_set_client = utf8 */;
CREATE TABLE `event_logs` (
  `id` int(11) NOT NULL AUTO_INCREMENT,
  `eventid` int(11) NOT NULL,
  `userid` int(11) NOT NULL,
  `action` tinyint(4) NOT NULL,
  `created_at` timestamp NOT NULL DEFAULT CURRENT_TIMESTAMP,
  PRIMARY KEY (`id`)
) ENGINE=InnoDB DEFAULT CHARSET=utf8 COLLATE=utf8_unicode_ci;
/*!40101 SET character_set_client = @saved_cs_client */;

--
-- Dumping data for table `event_logs`
--

LOCK TABLES `event_logs` WRITE;
/*!40000 ALTER TABLE `event_logs` DISABLE KEYS */;
/*!40000 ALTER TABLE `event_logs` ENABLE KEYS */;
UNLOCK TABLES;

--
-- Table structure for table `mechanic_work`
--

DROP TABLE IF EXISTS `mechanic_work`;
/*!40101 SET @saved_cs_client     = @@character_set_client */;
/*!40101 SET character_set_client = utf8 */;
CREATE TABLE `mechanic_work` (
  `id` int(11) NOT NULL AUTO_INCREMENT,
  `repair_post_id` int(11) NOT NULL,
  `repair_type_id` int(11) NOT NULL,
  `user_owner_id` int(11) NOT NULL,
  `user_target_id` int(11) NOT NULL,
  `state` tinyint(4) NOT NULL,
  `customer_id` int(11) NOT NULL,
  `customer_car_id` int(11) NOT NULL,
  `startdatetime` timestamp NOT NULL DEFAULT '0000-00-00 00:00:00',
  `enddatetime` timestamp NOT NULL DEFAULT '0000-00-00 00:00:00',
  `created_at` timestamp NOT NULL DEFAULT CURRENT_TIMESTAMP,
  `updated_at` timestamp NOT NULL DEFAULT '0000-00-00 00:00:00',
  PRIMARY KEY (`id`)
) ENGINE=InnoDB AUTO_INCREMENT=93 DEFAULT CHARSET=utf8 COLLATE=utf8_unicode_ci;
/*!40101 SET character_set_client = @saved_cs_client */;

--
-- Dumping data for table `mechanic_work`
--

LOCK TABLES `mechanic_work` WRITE;
/*!40000 ALTER TABLE `mechanic_work` DISABLE KEYS */;
INSERT INTO `mechanic_work` VALUES (1,6,908,1,7,0,1,2,'2016-03-22 13:02:41','2016-03-22 14:02:41','2016-03-22 13:06:47','2016-03-22 13:06:47'),(2,1,11,1,7,0,1,3,'2016-03-22 13:02:41','2016-03-22 17:02:41','2016-03-22 13:07:34','2016-03-22 13:07:34'),(3,1,1,1,7,0,5,9,'2016-03-23 08:25:51','2016-03-23 13:26:51','2016-03-22 13:26:57','2016-03-22 13:26:57'),(90,8,896,1,11,2,60,20,'2016-04-22 08:00:00','2016-04-22 08:10:00','2016-04-22 10:23:17','0000-00-00 00:00:00'),(91,1,1,1,1,1,60,20,'2016-04-22 08:00:00','2016-04-22 08:10:00','2016-04-22 11:01:49','0000-00-00 00:00:00'),(92,1,1,1,1,1,60,20,'2016-04-22 08:00:00','2016-04-22 08:10:00','2016-04-22 11:02:59','0000-00-00 00:00:00');
/*!40000 ALTER TABLE `mechanic_work` ENABLE KEYS */;
UNLOCK TABLES;

--
-- Table structure for table `repair_box`
--

DROP TABLE IF EXISTS `repair_box`;
/*!40101 SET @saved_cs_client     = @@character_set_client */;
/*!40101 SET character_set_client = utf8 */;
CREATE TABLE `repair_box` (
  `id` int(11) NOT NULL AUTO_INCREMENT,
  `name` text COLLATE utf8_unicode_ci NOT NULL,
  `created_at` timestamp NOT NULL DEFAULT CURRENT_TIMESTAMP,
  `updated_at` timestamp NOT NULL DEFAULT '0000-00-00 00:00:00',
  PRIMARY KEY (`id`)
) ENGINE=InnoDB AUTO_INCREMENT=7 DEFAULT CHARSET=utf8 COLLATE=utf8_unicode_ci;
/*!40101 SET character_set_client = @saved_cs_client */;

--
-- Dumping data for table `repair_box`
--

LOCK TABLES `repair_box` WRITE;
/*!40000 ALTER TABLE `repair_box` DISABLE KEYS */;
INSERT INTO `repair_box` VALUES (1,'Бокс1 Развал-схождение','2016-03-22 11:55:10','2016-03-22 11:55:10'),(2,'Бокс2 Шиномонтаж','2016-03-22 11:55:10','2016-03-22 11:55:10'),(3,'Бокс3 Диагностика ДВС','2016-03-22 11:55:10','2016-03-22 11:55:10'),(4,'Бокс4 Электрик, Автомойка','2016-03-22 11:55:10','2016-03-22 11:55:10'),(5,'Бокс5 Ходовка','2016-03-22 11:55:10','2016-03-22 11:55:10'),(6,'Бокс6 Ходовка','2016-03-22 11:55:10','2016-03-22 11:55:10');
/*!40000 ALTER TABLE `repair_box` ENABLE KEYS */;
UNLOCK TABLES;

--
-- Table structure for table `repair_post`
--

DROP TABLE IF EXISTS `repair_post`;
/*!40101 SET @saved_cs_client     = @@character_set_client */;
/*!40101 SET character_set_client = utf8 */;
CREATE TABLE `repair_post` (
  `id` int(11) NOT NULL AUTO_INCREMENT,
  `name` text COLLATE utf8_unicode_ci NOT NULL,
  `box_name_id` text COLLATE utf8_unicode_ci NOT NULL,
  `created_at` timestamp NOT NULL DEFAULT CURRENT_TIMESTAMP,
  `updated_at` timestamp NOT NULL DEFAULT '0000-00-00 00:00:00',
  PRIMARY KEY (`id`)
) ENGINE=InnoDB AUTO_INCREMENT=9 DEFAULT CHARSET=utf8 COLLATE=utf8_unicode_ci;
/*!40101 SET character_set_client = @saved_cs_client */;

--
-- Dumping data for table `repair_post`
--

LOCK TABLES `repair_post` WRITE;
/*!40000 ALTER TABLE `repair_post` DISABLE KEYS */;
INSERT INTO `repair_post` VALUES (1,'Пост1','1','2016-03-22 11:55:10','2016-03-22 11:55:10'),(2,'Пост2','2','2016-03-22 11:55:11','2016-03-22 11:55:11'),(3,'Пост3','3','2016-03-22 11:55:11','2016-03-22 11:55:11'),(4,'Пост4','3','2016-03-22 11:55:11','2016-03-22 11:55:11'),(5,'Пост5','3','2016-03-22 11:55:11','2016-03-22 11:55:11'),(6,'Пост6','4','2016-03-22 11:55:11','2016-03-22 11:55:11'),(7,'Пост7','5','2016-03-22 11:55:11','2016-03-22 11:55:11'),(8,'Пост8','6','2016-03-22 11:55:11','2016-03-22 11:55:11');
/*!40000 ALTER TABLE `repair_post` ENABLE KEYS */;
UNLOCK TABLES;

--
-- Table structure for table `repair_type`
--

DROP TABLE IF EXISTS `repair_type`;
/*!40101 SET @saved_cs_client     = @@character_set_client */;
/*!40101 SET character_set_client = utf8 */;
CREATE TABLE `repair_type` (
  `id` int(11) NOT NULL AUTO_INCREMENT,
  `name` text COLLATE utf8_unicode_ci NOT NULL,
  `box_id` longtext COLLATE utf8_unicode_ci,
  `created_at` timestamp NOT NULL DEFAULT CURRENT_TIMESTAMP,
  `updated_at` timestamp NOT NULL DEFAULT '0000-00-00 00:00:00',
  PRIMARY KEY (`id`)
) ENGINE=InnoDB AUTO_INCREMENT=1435 DEFAULT CHARSET=utf8 COLLATE=utf8_unicode_ci;
/*!40101 SET character_set_client = @saved_cs_client */;

--
-- Dumping data for table `repair_type`
--

LOCK TABLES `repair_type` WRITE;
/*!40000 ALTER TABLE `repair_type` DISABLE KEYS */;
INSERT INTO `repair_type` VALUES (1,'Замена блока предохранителей','1','2016-03-22 11:55:11','2016-03-22 11:55:11'),(2,'Балансировка колеса','1','2016-03-22 11:55:11','2016-03-22 11:55:11'),(3,'Бортовка колеса','1','2016-03-22 11:55:11','2016-03-22 11:55:11'),(4,'Диагностика автоэлектрики автомобиля','1','2016-03-22 11:55:11','2016-03-22 11:55:11'),(5,'Диагностика двигателя','1','2016-03-22 11:55:11','2016-03-22 11:55:11'),(6,'Диагностика на вибростенде','1','2016-03-22 11:55:11','2016-03-22 11:55:11'),(7,'Забортовка колеса','1','2016-03-22 11:55:11','2016-03-22 11:55:11'),(8,'Замена амортизаторов (иномарки)','1','2016-03-22 11:55:11','2016-03-22 11:55:11'),(9,'Замена амортизаторов (отечеств)','1','2016-03-22 11:55:11','2016-03-22 11:55:11'),(10,'Замена амортизаторов перед (отечеств)','1','2016-03-22 11:55:12','2016-03-22 11:55:12'),(11,'Замена антифриза','1','2016-03-22 11:55:12','2016-03-22 11:55:12'),(12,'Замена барабана (тормозного)','1','2016-03-22 11:55:12','2016-03-22 11:55:12'),(13,'Замена бачка (расширительного)','1','2016-03-22 11:55:12','2016-03-22 11:55:12'),(14,'Замена блока предохранителей','1','2016-03-22 11:55:12','2016-03-22 11:55:12'),(15,'Замена Вакуумный усилитель','1','2016-03-22 11:55:12','2016-03-22 11:55:12'),(16,'Замена Вал карданный рулевой УАЗ','1','2016-03-22 11:55:12','2016-03-22 11:55:12'),(17,'Замена вентиля','1','2016-03-22 11:55:12','2016-03-22 11:55:12'),(18,'Замена вкладышей (коренных)','1','2016-03-22 11:55:12','2016-03-22 11:55:12'),(19,'Замена вкладышей (шатунных)','1','2016-03-22 11:55:12','2016-03-22 11:55:12'),(20,'Замена втулок задней балки','1','2016-03-22 11:55:12','2016-03-22 11:55:12'),(21,'Замена втулок рессорных','1','2016-03-22 11:55:12','2016-03-22 11:55:12'),(22,'Замена втулок стабилизатора','1','2016-03-22 11:55:12','2016-03-22 11:55:12'),(23,'Замена Втулок стабилизатора УАЗ','1','2016-03-22 11:55:12','2016-03-22 11:55:12'),(24,'Замена генератора','1','2016-03-22 11:55:12','2016-03-22 11:55:12'),(25,'Замена глушителя','1','2016-03-22 11:55:13','2016-03-22 11:55:13'),(26,'Замена гранаты (шрус)','1','2016-03-22 11:55:13','2016-03-22 11:55:13'),(27,'Замена ГРМ (ремни, ролики)','1','2016-03-22 11:55:13','2016-03-22 11:55:13'),(28,'Замена датчика (все остальные)','1','2016-03-22 11:55:13','2016-03-22 11:55:13'),(29,'Замена датчика положения дросельн. заслонки','1','2016-03-22 11:55:13','2016-03-22 11:55:13'),(30,'Замена датчика положения распредвала','1','2016-03-22 11:55:13','2016-03-22 11:55:13'),(31,'Замена датчика холостого хода','1','2016-03-22 11:55:13','2016-03-22 11:55:13'),(32,'Замена дверных ручек','1','2016-03-22 11:55:13','2016-03-22 11:55:13'),(33,'Замена заднего стабилизатора','1','2016-03-22 11:55:13','2016-03-22 11:55:13'),(34,'Замена замка двери','1','2016-03-22 11:55:13','2016-03-22 11:55:13'),(35,'Замена замка зажигания','1','2016-03-22 11:55:13','2016-03-22 11:55:13'),(36,'Замена кардана (заднего) УАЗ','1','2016-03-22 11:55:13','2016-03-22 11:55:13'),(37,'Замена кардана (переднего) УАЗ','1','2016-03-22 11:55:13','2016-03-22 11:55:13'),(38,'Замена катушки зажигания','1','2016-03-22 11:55:14','2016-03-22 11:55:14'),(39,'Замена клаппанов','1','2016-03-22 11:55:14','2016-03-22 11:55:14'),(40,'Замена коллектора (выпускного)','1','2016-03-22 11:55:14','2016-03-22 11:55:14'),(41,'Замена крестовины','1','2016-03-22 11:55:14','2016-03-22 11:55:14'),(42,'Замена крестовины КПП','1','2016-03-22 11:55:14','2016-03-22 11:55:14'),(43,'Замена кронштейна растяжки (краб)','1','2016-03-22 11:55:14','2016-03-22 11:55:14'),(44,'замена масла в мостах','1','2016-03-22 11:55:14','2016-03-22 11:55:14'),(45,'Замена масла в разд. кор.','1','2016-03-22 11:55:14','2016-03-22 11:55:14'),(46,'Замена масла ГУР','1','2016-03-22 11:55:14','2016-03-22 11:55:14'),(47,'Замена масла ДВС','1','2016-03-22 11:55:14','2016-03-22 11:55:14'),(48,'Замена масла КПП','1','2016-03-22 11:55:14','2016-03-22 11:55:14'),(49,'Замена масла трансмисии','1','2016-03-22 11:55:14','2016-03-22 11:55:14'),(50,'Замена мотора отопителя','1','2016-03-22 11:55:15','2016-03-22 11:55:15'),(51,'Замена наконечников рулевых','1','2016-03-22 11:55:15','2016-03-22 11:55:15'),(52,'Замена насоса маслянного','1','2016-03-22 11:55:15','2016-03-22 11:55:15'),(53,'Замена опор стоек (перед)','1','2016-03-22 11:55:15','2016-03-22 11:55:15'),(54,'Замена патрубка системы охлаждения','1','2016-03-22 11:55:15','2016-03-22 11:55:15'),(55,'Замена платы фонаря (задн)','1','2016-03-22 11:55:15','2016-03-22 11:55:15'),(56,'Замена подушки двигателя','1','2016-03-22 11:55:15','2016-03-22 11:55:15'),(57,'Замена подшипника генератора (бол.)','1','2016-03-22 11:55:15','2016-03-22 11:55:15'),(58,'Замена подшипника генератора (мал.)','1','2016-03-22 11:55:15','2016-03-22 11:55:15'),(59,'Замена подшипника ступицы (задн.)','1','2016-03-22 11:55:15','2016-03-22 11:55:15'),(60,'Замена подшипника ступицы (передн.)','1','2016-03-22 11:55:15','2016-03-22 11:55:15'),(61,'Замена полуоси','1','2016-03-22 11:55:15','2016-03-22 11:55:15'),(62,'Замена помпы (водяной насос)','1','2016-03-22 11:55:15','2016-03-22 11:55:15'),(63,'Замена поршневой группы','1','2016-03-22 11:55:15','2016-03-22 11:55:15'),(64,'Замена привода','1','2016-03-22 11:55:15','2016-03-22 11:55:15'),(65,'Замена провода','1','2016-03-22 11:55:15','2016-03-22 11:55:15'),(66,'Замена прокладки глушителя','1','2016-03-22 11:55:15','2016-03-22 11:55:15'),(67,'Замена прокладки смотрового окна штанги','1','2016-03-22 11:55:16','2016-03-22 11:55:16'),(68,'Замена пыльника гранаты (наружной)','1','2016-03-22 11:55:16','2016-03-22 11:55:16'),(69,'Замена радиатора','1','2016-03-22 11:55:16','2016-03-22 11:55:16'),(70,'Замена реактивных тяг','1','2016-03-22 11:55:16','2016-03-22 11:55:16'),(71,'Замена регулятора тормозных сил','1','2016-03-22 11:55:16','2016-03-22 11:55:16'),(72,'Замена резистора печки','1','2016-03-22 11:55:16','2016-03-22 11:55:16'),(73,'Замена резонатора','1','2016-03-22 11:55:16','2016-03-22 11:55:16'),(74,'Замена ремня / НЕ БРАТЬ','1','2016-03-22 11:55:16','2016-03-22 11:55:16'),(75,'Замена ремня генератора','1','2016-03-22 11:55:16','2016-03-22 11:55:16'),(76,'Замена ремня и роликов','1','2016-03-22 11:55:16','2016-03-22 11:55:16'),(77,'Замена ремня ручейкового','1','2016-03-22 11:55:16','2016-03-22 11:55:16'),(78,'Замена реостат переключателя печки','1','2016-03-22 11:55:16','2016-03-22 11:55:16'),(79,'Замена ролика ГРМ (натяжного)','1','2016-03-22 11:55:16','2016-03-22 11:55:16'),(80,'Замена рулевого кардана','1','2016-03-22 11:55:16','2016-03-22 11:55:16'),(81,'Замена рулевой рейки','1','2016-03-22 11:55:16','2016-03-22 11:55:16'),(82,'Замена рулевой трапеции','1','2016-03-22 11:55:16','2016-03-22 11:55:16'),(83,'Замена рулевой тяги','1','2016-03-22 11:55:17','2016-03-22 11:55:17'),(84,'Замена ручки двери','1','2016-03-22 11:55:17','2016-03-22 11:55:17'),(85,'Замена рычага переключения передач','1','2016-03-22 11:55:17','2016-03-22 11:55:17'),(86,'Замена рычага(нижнего)','1','2016-03-22 11:55:17','2016-03-22 11:55:17'),(87,'Замена рычага(нижнего) косточка','1','2016-03-22 11:55:17','2016-03-22 11:55:17'),(88,'Замена сайлентблоков','1','2016-03-22 11:55:17','2016-03-22 11:55:17'),(89,'Замена сайлентблоков (отечеств)','1','2016-03-22 11:55:17','2016-03-22 11:55:17'),(90,'Замена сайлентблоков перед (иномарки)','1','2016-03-22 11:55:17','2016-03-22 11:55:17'),(91,'Замена сайлентблоков продольных тяг','1','2016-03-22 11:55:17','2016-03-22 11:55:17'),(92,'Замена сальника коленвала (переднего)','1','2016-03-22 11:55:17','2016-03-22 11:55:17'),(93,'Замена сальника КПП','1','2016-03-22 11:55:17','2016-03-22 11:55:17'),(94,'Замена сальника полуоси','1','2016-03-22 11:55:17','2016-03-22 11:55:17'),(95,'Замена сальника редуктора заднего моста','1','2016-03-22 11:55:17','2016-03-22 11:55:17'),(96,'Замена сальников клаппанов','1','2016-03-22 11:55:17','2016-03-22 11:55:17'),(97,'Замена свечей зажигания','1','2016-03-22 11:55:17','2016-03-22 11:55:17'),(98,'Замена стартера','1','2016-03-22 11:55:17','2016-03-22 11:55:17'),(99,'Замена стекла лобового','1','2016-03-22 11:55:18','2016-03-22 11:55:18'),(100,'Замена стоек стабилизатора (линьки)','1','2016-03-22 11:55:18','2016-03-22 11:55:18'),(101,'Замена ступицы (в сборе)','1','2016-03-22 11:55:18','2016-03-22 11:55:18'),(102,'Замена сцепления','1','2016-03-22 11:55:18','2016-03-22 11:55:18'),(103,'Замена термостата','1','2016-03-22 11:55:18','2016-03-22 11:55:18'),(104,'Замена тормозного суппорта','1','2016-03-22 11:55:18','2016-03-22 11:55:18'),(105,'Замена тормозной жидкости','1','2016-03-22 11:55:18','2016-03-22 11:55:18'),(106,'Замена тормозных дисков','1','2016-03-22 11:55:18','2016-03-22 11:55:18'),(107,'Замена тормозных колодок(дисковые)','1','2016-03-22 11:55:18','2016-03-22 11:55:18'),(108,'Замена тормозных колодок(задних)','1','2016-03-22 11:55:18','2016-03-22 11:55:18'),(109,'Замена тормозных колодок(пердних)','1','2016-03-22 11:55:18','2016-03-22 11:55:18'),(110,'Замена тосола','1','2016-03-22 11:55:18','2016-03-22 11:55:18'),(111,'Замена траверса КПП','1','2016-03-22 11:55:19','2016-03-22 11:55:19'),(112,'Замена тросов ручного тормоза','1','2016-03-22 11:55:19','2016-03-22 11:55:19'),(113,'Замена тяги в сборе (поперечная) УАЗ','1','2016-03-22 11:55:19','2016-03-22 11:55:19'),(114,'Замена фильтра (воздушного)','1','2016-03-22 11:55:19','2016-03-22 11:55:19'),(115,'Замена фильтра (салон)','1','2016-03-22 11:55:19','2016-03-22 11:55:19'),(116,'Замена фильтра (тон.очистки)','1','2016-03-22 11:55:19','2016-03-22 11:55:19'),(117,'Замена фильтра (топливного)','1','2016-03-22 11:55:19','2016-03-22 11:55:19'),(118,'Замена фильтра АКПП','1','2016-03-22 11:55:19','2016-03-22 11:55:19'),(119,'Замена фильтров','1','2016-03-22 11:55:19','2016-03-22 11:55:19'),(120,'Замена форсунок','1','2016-03-22 11:55:19','2016-03-22 11:55:19'),(121,'Замена цилиндра сцепления (главный)','1','2016-03-22 11:55:19','2016-03-22 11:55:19'),(122,'Замена цилиндра сцепления (рабочий)','1','2016-03-22 11:55:19','2016-03-22 11:55:19'),(123,'Замена цилиндра тормозного (главного)','1','2016-03-22 11:55:19','2016-03-22 11:55:19'),(124,'Замена цилиндра тормозного (заднего)','1','2016-03-22 11:55:19','2016-03-22 11:55:19'),(125,'Замена шаровой опоры','1','2016-03-22 11:55:19','2016-03-22 11:55:19'),(126,'Замена шестерни зажигания (ведущей)','1','2016-03-22 11:55:19','2016-03-22 11:55:19'),(127,'Замена шестерни распредвала','1','2016-03-22 11:55:20','2016-03-22 11:55:20'),(128,'Замена шкворней','1','2016-03-22 11:55:20','2016-03-22 11:55:20'),(129,'Замена шланга топливного','1','2016-03-22 11:55:20','2016-03-22 11:55:20'),(130,'Замена шланга тормозного','1','2016-03-22 11:55:20','2016-03-22 11:55:20'),(131,'Заправка кондиционера','1','2016-03-22 11:55:20','2016-03-22 11:55:20'),(132,'Мойка автомобиля','1','2016-03-22 11:55:20','2016-03-22 11:55:20'),(133,'Мойка блока двигателя','1','2016-03-22 11:55:20','2016-03-22 11:55:20'),(134,'Мойка головки двигателя','1','2016-03-22 11:55:20','2016-03-22 11:55:20'),(135,'Мойка колеса','1','2016-03-22 11:55:20','2016-03-22 11:55:20'),(136,'Набивка коленвала','1','2016-03-22 11:55:20','2016-03-22 11:55:20'),(137,'Осмотр ходовой','1','2016-03-22 11:55:20','2016-03-22 11:55:20'),(138,'Перебортовка колеса','1','2016-03-22 11:55:20','2016-03-22 11:55:20'),(139,'Подкачка колеса','1','2016-03-22 11:55:20','2016-03-22 11:55:20'),(140,'Правка диска колеса','1','2016-03-22 11:55:20','2016-03-22 11:55:20'),(141,'Притирка клаппанов','1','2016-03-22 11:55:20','2016-03-22 11:55:20'),(142,'Проверка клаппанов','1','2016-03-22 11:55:20','2016-03-22 11:55:20'),(143,'Промазка колеса','1','2016-03-22 11:55:21','2016-03-22 11:55:21'),(144,'Промазка колеса герметиком','1','2016-03-22 11:55:21','2016-03-22 11:55:21'),(145,'Разборка/Сборка ДВС','1','2016-03-22 11:55:21','2016-03-22 11:55:21'),(146,'Разбортовка колеса','1','2016-03-22 11:55:21','2016-03-22 11:55:21'),(147,'Развал-схождения','1','2016-03-22 11:55:21','2016-03-22 11:55:21'),(148,'Райбирование направляющих клаппанов','1','2016-03-22 11:55:21','2016-03-22 11:55:21'),(149,'Регулеровка ручного тормоза','1','2016-03-22 11:55:21','2016-03-22 11:55:21'),(150,'Регулировка','1','2016-03-22 11:55:21','2016-03-22 11:55:21'),(151,'Регулировка клапанов (в диагностике)','1','2016-03-22 11:55:21','2016-03-22 11:55:21'),(152,'Регулировка рулевой рейки','1','2016-03-22 11:55:21','2016-03-22 11:55:21'),(153,'Ремонт блока предохранителей','1','2016-03-22 11:55:21','2016-03-22 11:55:21'),(154,'Ремонт генератора','1','2016-03-22 11:55:21','2016-03-22 11:55:21'),(155,'Ремонт головки блока','1','2016-03-22 11:55:21','2016-03-22 11:55:21'),(156,'Ремонт замка (центрального)','1','2016-03-22 11:55:21','2016-03-22 11:55:21'),(157,'Ремонт камеры','1','2016-03-22 11:55:21','2016-03-22 11:55:21'),(158,'Ремонт кронштейна крепления рулевой рейки','1','2016-03-22 11:55:22','2016-03-22 11:55:22'),(159,'Ремонт МКПП (коробки передач)','1','2016-03-22 11:55:22','2016-03-22 11:55:22'),(160,'Ремонт стеклоподъемника','1','2016-03-22 11:55:22','2016-03-22 11:55:22'),(161,'Ремонт шины','1','2016-03-22 11:55:22','2016-03-22 11:55:22'),(162,'Ремонт шины грибком','1','2016-03-22 11:55:22','2016-03-22 11:55:22'),(163,'Ремонт шины пластырем R-19','1','2016-03-22 11:55:22','2016-03-22 11:55:22'),(164,'Ремонт электропроводки','1','2016-03-22 11:55:22','2016-03-22 11:55:22'),(165,'Сварка защиты картера','1','2016-03-22 11:55:22','2016-03-22 11:55:22'),(166,'Снятие/Установка головки блока','1','2016-03-22 11:55:22','2016-03-22 11:55:22'),(167,'Снятие/Установка ДВС','1','2016-03-22 11:55:22','2016-03-22 11:55:22'),(168,'Снятие/Установка колеса','1','2016-03-22 11:55:22','2016-03-22 11:55:22'),(169,'Срез болтов','1','2016-03-22 11:55:22','2016-03-22 11:55:22'),(170,'Установка пластырей','1','2016-03-22 11:55:22','2016-03-22 11:55:22'),(171,'Установка руля','1','2016-03-22 11:55:23','2016-03-22 11:55:23'),(172,'Чистка диска','1','2016-03-22 11:55:23','2016-03-22 11:55:23'),(173,'Чистка инжектора','1','2016-03-22 11:55:23','2016-03-22 11:55:23'),(174,'Чистка регулятора холостого хода','1','2016-03-22 11:55:23','2016-03-22 11:55:23'),(175,'Чистка форсунок','1','2016-03-22 11:55:23','2016-03-22 11:55:23'),(176,'Шлифовка головки блока','1','2016-03-22 11:55:23','2016-03-22 11:55:23'),(177,'Шлифовка коленвала','1','2016-03-22 11:55:23','2016-03-22 11:55:23'),(178,'Шлифовка кольца осевого хождения коленчатого вала','1','2016-03-22 11:55:23','2016-03-22 11:55:23'),(179,'Шприцевание кардана (замена смазки) 1 шт?','1','2016-03-22 11:55:23','2016-03-22 11:55:23'),(180,'2013 Замена блока предохранителей','2','2016-03-22 11:55:24','2016-03-22 11:55:24'),(181,'Балансировка колеса','2','2016-03-22 11:55:24','2016-03-22 11:55:24'),(182,'Бортовка колеса','2','2016-03-22 11:55:24','2016-03-22 11:55:24'),(183,'Диагностика автоэлектрики автомобиля','2','2016-03-22 11:55:24','2016-03-22 11:55:24'),(184,'Диагностика двигателя','2','2016-03-22 11:55:24','2016-03-22 11:55:24'),(185,'Диагностика на вибростенде','2','2016-03-22 11:55:24','2016-03-22 11:55:24'),(186,'Забортовка колеса','2','2016-03-22 11:55:24','2016-03-22 11:55:24'),(187,'Замена амортизаторов (иномарки)','2','2016-03-22 11:55:24','2016-03-22 11:55:24'),(188,'Замена амортизаторов (отечеств)','2','2016-03-22 11:55:24','2016-03-22 11:55:24'),(189,'Замена амортизаторов перед (отечеств)','2','2016-03-22 11:55:24','2016-03-22 11:55:24'),(190,'Замена антифриза','2','2016-03-22 11:55:24','2016-03-22 11:55:24'),(191,'Замена барабана (тормозного)','2','2016-03-22 11:55:24','2016-03-22 11:55:24'),(192,'Замена бачка (расширительного)','2','2016-03-22 11:55:24','2016-03-22 11:55:24'),(193,'Замена блока предохранителей','2','2016-03-22 11:55:24','2016-03-22 11:55:24'),(194,'Замена Вакуумный усилитель','2','2016-03-22 11:55:25','2016-03-22 11:55:25'),(195,'Замена Вал карданный рулевой УАЗ','2','2016-03-22 11:55:25','2016-03-22 11:55:25'),(196,'Замена вентиля','2','2016-03-22 11:55:25','2016-03-22 11:55:25'),(197,'Замена вкладышей (коренных)','2','2016-03-22 11:55:25','2016-03-22 11:55:25'),(198,'Замена вкладышей (шатунных)','2','2016-03-22 11:55:25','2016-03-22 11:55:25'),(199,'Замена втулок задней балки','2','2016-03-22 11:55:25','2016-03-22 11:55:25'),(200,'Замена втулок рессорных','2','2016-03-22 11:55:25','2016-03-22 11:55:25'),(201,'Замена втулок стабилизатора','2','2016-03-22 11:55:25','2016-03-22 11:55:25'),(202,'Замена Втулок стабилизатора УАЗ','2','2016-03-22 11:55:25','2016-03-22 11:55:25'),(203,'Замена генератора','2','2016-03-22 11:55:25','2016-03-22 11:55:25'),(204,'Замена глушителя','2','2016-03-22 11:55:25','2016-03-22 11:55:25'),(205,'Замена гранаты (шрус)','2','2016-03-22 11:55:25','2016-03-22 11:55:25'),(206,'Замена ГРМ (ремни, ролики)','2','2016-03-22 11:55:25','2016-03-22 11:55:25'),(207,'Замена датчика (все остальные)','2','2016-03-22 11:55:25','2016-03-22 11:55:25'),(208,'Замена датчика положения дросельн. заслонки','2','2016-03-22 11:55:25','2016-03-22 11:55:25'),(209,'Замена датчика положения распредвала','2','2016-03-22 11:55:25','2016-03-22 11:55:25'),(210,'Замена датчика холостого хода','2','2016-03-22 11:55:26','2016-03-22 11:55:26'),(211,'Замена дверных ручек','2','2016-03-22 11:55:26','2016-03-22 11:55:26'),(212,'Замена заднего стабилизатора','2','2016-03-22 11:55:26','2016-03-22 11:55:26'),(213,'Замена замка двери','2','2016-03-22 11:55:26','2016-03-22 11:55:26'),(214,'Замена замка зажигания','2','2016-03-22 11:55:26','2016-03-22 11:55:26'),(215,'Замена кардана (заднего) УАЗ','2','2016-03-22 11:55:26','2016-03-22 11:55:26'),(216,'Замена кардана (переднего) УАЗ','2','2016-03-22 11:55:26','2016-03-22 11:55:26'),(217,'Замена катушки зажигания','2','2016-03-22 11:55:26','2016-03-22 11:55:26'),(218,'Замена клаппанов','2','2016-03-22 11:55:26','2016-03-22 11:55:26'),(219,'Замена коллектора (выпускного)','2','2016-03-22 11:55:26','2016-03-22 11:55:26'),(220,'Замена крестовины','2','2016-03-22 11:55:26','2016-03-22 11:55:26'),(221,'Замена крестовины КПП','2','2016-03-22 11:55:26','2016-03-22 11:55:26'),(222,'Замена кронштейна растяжки (краб)','2','2016-03-22 11:55:26','2016-03-22 11:55:26'),(223,'замена масла в мостах','2','2016-03-22 11:55:26','2016-03-22 11:55:26'),(224,'Замена масла в разд. кор.','2','2016-03-22 11:55:26','2016-03-22 11:55:26'),(225,'Замена масла ГУР','2','2016-03-22 11:55:26','2016-03-22 11:55:26'),(226,'Замена масла ДВС','2','2016-03-22 11:55:27','2016-03-22 11:55:27'),(227,'Замена масла КПП','2','2016-03-22 11:55:27','2016-03-22 11:55:27'),(228,'Замена масла трансмисии','2','2016-03-22 11:55:27','2016-03-22 11:55:27'),(229,'Замена мотора отопителя','2','2016-03-22 11:55:27','2016-03-22 11:55:27'),(230,'Замена наконечников рулевых','2','2016-03-22 11:55:27','2016-03-22 11:55:27'),(231,'Замена насоса маслянного','2','2016-03-22 11:55:27','2016-03-22 11:55:27'),(232,'Замена опор стоек (перед)','2','2016-03-22 11:55:27','2016-03-22 11:55:27'),(233,'Замена патрубка системы охлаждения','2','2016-03-22 11:55:27','2016-03-22 11:55:27'),(234,'Замена платы фонаря (задн)','2','2016-03-22 11:55:27','2016-03-22 11:55:27'),(235,'Замена подушки двигателя','2','2016-03-22 11:55:27','2016-03-22 11:55:27'),(236,'Замена подшипника генератора (бол.)','2','2016-03-22 11:55:27','2016-03-22 11:55:27'),(237,'Замена подшипника генератора (мал.)','2','2016-03-22 11:55:27','2016-03-22 11:55:27'),(238,'Замена подшипника ступицы (задн.)','2','2016-03-22 11:55:27','2016-03-22 11:55:27'),(239,'Замена подшипника ступицы (передн.)','2','2016-03-22 11:55:27','2016-03-22 11:55:27'),(240,'Замена полуоси','2','2016-03-22 11:55:27','2016-03-22 11:55:27'),(241,'Замена помпы (водяной насос)','2','2016-03-22 11:55:27','2016-03-22 11:55:27'),(242,'Замена поршневой группы','2','2016-03-22 11:55:28','2016-03-22 11:55:28'),(243,'Замена привода','2','2016-03-22 11:55:28','2016-03-22 11:55:28'),(244,'Замена провода','2','2016-03-22 11:55:28','2016-03-22 11:55:28'),(245,'Замена прокладки глушителя','2','2016-03-22 11:55:28','2016-03-22 11:55:28'),(246,'Замена прокладки смотрового окна штанги','2','2016-03-22 11:55:28','2016-03-22 11:55:28'),(247,'Замена пыльника гранаты (наружной)','2','2016-03-22 11:55:28','2016-03-22 11:55:28'),(248,'Замена радиатора','2','2016-03-22 11:55:28','2016-03-22 11:55:28'),(249,'Замена реактивных тяг','2','2016-03-22 11:55:28','2016-03-22 11:55:28'),(250,'Замена регулятора тормозных сил','2','2016-03-22 11:55:28','2016-03-22 11:55:28'),(251,'Замена резистора печки','2','2016-03-22 11:55:28','2016-03-22 11:55:28'),(252,'Замена резонатора','2','2016-03-22 11:55:28','2016-03-22 11:55:28'),(253,'Замена ремня / НЕ БРАТЬ','2','2016-03-22 11:55:28','2016-03-22 11:55:28'),(254,'Замена ремня генератора','2','2016-03-22 11:55:29','2016-03-22 11:55:29'),(255,'Замена ремня и роликов','2','2016-03-22 11:55:29','2016-03-22 11:55:29'),(256,'Замена ремня ручейкового','2','2016-03-22 11:55:29','2016-03-22 11:55:29'),(257,'Замена реостат переключателя печки','2','2016-03-22 11:55:29','2016-03-22 11:55:29'),(258,'Замена ролика ГРМ (натяжного)','2','2016-03-22 11:55:29','2016-03-22 11:55:29'),(259,'Замена рулевого кардана','2','2016-03-22 11:55:29','2016-03-22 11:55:29'),(260,'Замена рулевой рейки','2','2016-03-22 11:55:29','2016-03-22 11:55:29'),(261,'Замена рулевой трапеции','2','2016-03-22 11:55:29','2016-03-22 11:55:29'),(262,'Замена рулевой тяги','2','2016-03-22 11:55:29','2016-03-22 11:55:29'),(263,'Замена ручки двери','2','2016-03-22 11:55:29','2016-03-22 11:55:29'),(264,'Замена рычага переключения передач','2','2016-03-22 11:55:29','2016-03-22 11:55:29'),(265,'Замена рычага(нижнего)','2','2016-03-22 11:55:29','2016-03-22 11:55:29'),(266,'Замена рычага(нижнего) косточка','2','2016-03-22 11:55:29','2016-03-22 11:55:29'),(267,'Замена сайлентблоков','2','2016-03-22 11:55:29','2016-03-22 11:55:29'),(268,'Замена сайлентблоков (отечеств)','2','2016-03-22 11:55:29','2016-03-22 11:55:29'),(269,'Замена сайлентблоков перед (иномарки)','2','2016-03-22 11:55:29','2016-03-22 11:55:29'),(270,'Замена сайлентблоков продольных тяг','2','2016-03-22 11:55:30','2016-03-22 11:55:30'),(271,'Замена сальника коленвала (переднего)','2','2016-03-22 11:55:30','2016-03-22 11:55:30'),(272,'Замена сальника КПП','2','2016-03-22 11:55:30','2016-03-22 11:55:30'),(273,'Замена сальника полуоси','2','2016-03-22 11:55:30','2016-03-22 11:55:30'),(274,'Замена сальника редуктора заднего моста','2','2016-03-22 11:55:30','2016-03-22 11:55:30'),(275,'Замена сальников клаппанов','2','2016-03-22 11:55:30','2016-03-22 11:55:30'),(276,'Замена свечей зажигания','2','2016-03-22 11:55:30','2016-03-22 11:55:30'),(277,'Замена стартера','2','2016-03-22 11:55:30','2016-03-22 11:55:30'),(278,'Замена стекла лобового','2','2016-03-22 11:55:30','2016-03-22 11:55:30'),(279,'Замена стоек стабилизатора (линьки)','2','2016-03-22 11:55:30','2016-03-22 11:55:30'),(280,'Замена ступицы (в сборе)','2','2016-03-22 11:55:30','2016-03-22 11:55:30'),(281,'Замена сцепления','2','2016-03-22 11:55:31','2016-03-22 11:55:31'),(282,'Замена термостата','2','2016-03-22 11:55:31','2016-03-22 11:55:31'),(283,'Замена тормозного суппорта','2','2016-03-22 11:55:31','2016-03-22 11:55:31'),(284,'Замена тормозной жидкости','2','2016-03-22 11:55:31','2016-03-22 11:55:31'),(285,'Замена тормозных дисков','2','2016-03-22 11:55:31','2016-03-22 11:55:31'),(286,'Замена тормозных колодок(дисковые)','2','2016-03-22 11:55:31','2016-03-22 11:55:31'),(287,'Замена тормозных колодок(задних)','2','2016-03-22 11:55:31','2016-03-22 11:55:31'),(288,'Замена тормозных колодок(пердних)','2','2016-03-22 11:55:31','2016-03-22 11:55:31'),(289,'Замена тосола','2','2016-03-22 11:55:31','2016-03-22 11:55:31'),(290,'Замена траверса КПП','2','2016-03-22 11:55:31','2016-03-22 11:55:31'),(291,'Замена тросов ручного тормоза','2','2016-03-22 11:55:31','2016-03-22 11:55:31'),(292,'Замена тяги в сборе (поперечная) УАЗ','2','2016-03-22 11:55:31','2016-03-22 11:55:31'),(293,'Замена фильтра (воздушного)','2','2016-03-22 11:55:31','2016-03-22 11:55:31'),(294,'Замена фильтра (салон)','2','2016-03-22 11:55:31','2016-03-22 11:55:31'),(295,'Замена фильтра (тон.очистки)','2','2016-03-22 11:55:31','2016-03-22 11:55:31'),(296,'Замена фильтра (топливного)','2','2016-03-22 11:55:31','2016-03-22 11:55:31'),(297,'Замена фильтра АКПП','2','2016-03-22 11:55:32','2016-03-22 11:55:32'),(298,'Замена фильтров','2','2016-03-22 11:55:32','2016-03-22 11:55:32'),(299,'Замена форсунок','2','2016-03-22 11:55:32','2016-03-22 11:55:32'),(300,'Замена цилиндра сцепления (главный)','2','2016-03-22 11:55:32','2016-03-22 11:55:32'),(301,'Замена цилиндра сцепления (рабочий)','2','2016-03-22 11:55:32','2016-03-22 11:55:32'),(302,'Замена цилиндра тормозного (главного)','2','2016-03-22 11:55:32','2016-03-22 11:55:32'),(303,'Замена цилиндра тормозного (заднего)','2','2016-03-22 11:55:32','2016-03-22 11:55:32'),(304,'Замена шаровой опоры','2','2016-03-22 11:55:32','2016-03-22 11:55:32'),(305,'Замена шестерни зажигания (ведущей)','2','2016-03-22 11:55:32','2016-03-22 11:55:32'),(306,'Замена шестерни распредвала','2','2016-03-22 11:55:32','2016-03-22 11:55:32'),(307,'Замена шкворней','2','2016-03-22 11:55:32','2016-03-22 11:55:32'),(308,'Замена шланга топливного','2','2016-03-22 11:55:32','2016-03-22 11:55:32'),(309,'Замена шланга тормозного','2','2016-03-22 11:55:32','2016-03-22 11:55:32'),(310,'Заправка кондиционера','2','2016-03-22 11:55:32','2016-03-22 11:55:32'),(311,'Мойка автомобиля','2','2016-03-22 11:55:32','2016-03-22 11:55:32'),(312,'Мойка блока двигателя','2','2016-03-22 11:55:32','2016-03-22 11:55:32'),(313,'Мойка головки двигателя','2','2016-03-22 11:55:33','2016-03-22 11:55:33'),(314,'Мойка колеса','2','2016-03-22 11:55:33','2016-03-22 11:55:33'),(315,'Набивка коленвала','2','2016-03-22 11:55:33','2016-03-22 11:55:33'),(316,'Осмотр ходовой','2','2016-03-22 11:55:33','2016-03-22 11:55:33'),(317,'Перебортовка колеса','2','2016-03-22 11:55:33','2016-03-22 11:55:33'),(318,'Подкачка колеса','2','2016-03-22 11:55:33','2016-03-22 11:55:33'),(319,'Правка диска колеса','2','2016-03-22 11:55:33','2016-03-22 11:55:33'),(320,'Притирка клаппанов','2','2016-03-22 11:55:33','2016-03-22 11:55:33'),(321,'Проверка клаппанов','2','2016-03-22 11:55:33','2016-03-22 11:55:33'),(322,'Промазка колеса','2','2016-03-22 11:55:33','2016-03-22 11:55:33'),(323,'Промазка колеса герметиком','2','2016-03-22 11:55:33','2016-03-22 11:55:33'),(324,'Разборка/Сборка ДВС','2','2016-03-22 11:55:33','2016-03-22 11:55:33'),(325,'Разбортовка колеса','2','2016-03-22 11:55:33','2016-03-22 11:55:33'),(326,'Развал-схождения','2','2016-03-22 11:55:33','2016-03-22 11:55:33'),(327,'Райбирование направляющих клаппанов','2','2016-03-22 11:55:33','2016-03-22 11:55:33'),(328,'Регулеровка ручного тормоза','2','2016-03-22 11:55:33','2016-03-22 11:55:33'),(329,'Регулировка','2','2016-03-22 11:55:34','2016-03-22 11:55:34'),(330,'Регулировка клапанов (в диагностике)','2','2016-03-22 11:55:34','2016-03-22 11:55:34'),(331,'Регулировка рулевой рейки','2','2016-03-22 11:55:34','2016-03-22 11:55:34'),(332,'Ремонт блока предохранителей','2','2016-03-22 11:55:34','2016-03-22 11:55:34'),(333,'Ремонт генератора','2','2016-03-22 11:55:34','2016-03-22 11:55:34'),(334,'Ремонт головки блока','2','2016-03-22 11:55:34','2016-03-22 11:55:34'),(335,'Ремонт замка (центрального)','2','2016-03-22 11:55:34','2016-03-22 11:55:34'),(336,'Ремонт камеры','2','2016-03-22 11:55:34','2016-03-22 11:55:34'),(337,'Ремонт кронштейна крепления рулевой рейки','2','2016-03-22 11:55:34','2016-03-22 11:55:34'),(338,'Ремонт МКПП (коробки передач)','2','2016-03-22 11:55:34','2016-03-22 11:55:34'),(339,'Ремонт стеклоподъемника','2','2016-03-22 11:55:34','2016-03-22 11:55:34'),(340,'Ремонт шины','2','2016-03-22 11:55:34','2016-03-22 11:55:34'),(341,'Ремонт шины грибком','2','2016-03-22 11:55:35','2016-03-22 11:55:35'),(342,'Ремонт шины пластырем R-19','2','2016-03-22 11:55:35','2016-03-22 11:55:35'),(343,'Ремонт электропроводки','2','2016-03-22 11:55:35','2016-03-22 11:55:35'),(344,'Сварка защиты картера','2','2016-03-22 11:55:35','2016-03-22 11:55:35'),(345,'Снятие/Установка головки блока','2','2016-03-22 11:55:35','2016-03-22 11:55:35'),(346,'Снятие/Установка ДВС','2','2016-03-22 11:55:35','2016-03-22 11:55:35'),(347,'Снятие/Установка колеса','2','2016-03-22 11:55:35','2016-03-22 11:55:35'),(348,'Срез болтов','2','2016-03-22 11:55:35','2016-03-22 11:55:35'),(349,'Установка пластырей','2','2016-03-22 11:55:35','2016-03-22 11:55:35'),(350,'Установка руля','2','2016-03-22 11:55:35','2016-03-22 11:55:35'),(351,'Чистка диска','2','2016-03-22 11:55:35','2016-03-22 11:55:35'),(352,'Чистка инжектора','2','2016-03-22 11:55:35','2016-03-22 11:55:35'),(353,'Чистка регулятора холостого хода','2','2016-03-22 11:55:35','2016-03-22 11:55:35'),(354,'Чистка форсунок','2','2016-03-22 11:55:35','2016-03-22 11:55:35'),(355,'Шлифовка головки блока','2','2016-03-22 11:55:35','2016-03-22 11:55:35'),(356,'Шлифовка коленвала','2','2016-03-22 11:55:35','2016-03-22 11:55:35'),(357,'Шлифовка кольца осевого хождения коленчатого вала','2','2016-03-22 11:55:36','2016-03-22 11:55:36'),(358,'Шприцевание кардана (замена смазки) 1 шт?','2','2016-03-22 11:55:36','2016-03-22 11:55:36'),(359,'2013 Замена блока предохранителей','3','2016-03-22 11:55:36','2016-03-22 11:55:36'),(360,'Балансировка колеса','3','2016-03-22 11:55:36','2016-03-22 11:55:36'),(361,'Бортовка колеса','3','2016-03-22 11:55:36','2016-03-22 11:55:36'),(362,'Диагностика автоэлектрики автомобиля','3','2016-03-22 11:55:36','2016-03-22 11:55:36'),(363,'Диагностика двигателя','3','2016-03-22 11:55:36','2016-03-22 11:55:36'),(364,'Диагностика на вибростенде','3','2016-03-22 11:55:36','2016-03-22 11:55:36'),(365,'Забортовка колеса','3','2016-03-22 11:55:36','2016-03-22 11:55:36'),(366,'Замена амортизаторов (иномарки)','3','2016-03-22 11:55:36','2016-03-22 11:55:36'),(367,'Замена амортизаторов (отечеств)','3','2016-03-22 11:55:36','2016-03-22 11:55:36'),(368,'Замена амортизаторов перед (отечеств)','3','2016-03-22 11:55:36','2016-03-22 11:55:36'),(369,'Замена антифриза','3','2016-03-22 11:55:36','2016-03-22 11:55:36'),(370,'Замена барабана (тормозного)','3','2016-03-22 11:55:36','2016-03-22 11:55:36'),(371,'Замена бачка (расширительного)','3','2016-03-22 11:55:36','2016-03-22 11:55:36'),(372,'Замена блока предохранителей','3','2016-03-22 11:55:36','2016-03-22 11:55:36'),(373,'Замена Вакуумный усилитель','3','2016-03-22 11:55:37','2016-03-22 11:55:37'),(374,'Замена Вал карданный рулевой УАЗ','3','2016-03-22 11:55:37','2016-03-22 11:55:37'),(375,'Замена вентиля','3','2016-03-22 11:55:37','2016-03-22 11:55:37'),(376,'Замена вкладышей (коренных)','3','2016-03-22 11:55:37','2016-03-22 11:55:37'),(377,'Замена вкладышей (шатунных)','3','2016-03-22 11:55:37','2016-03-22 11:55:37'),(378,'Замена втулок задней балки','3','2016-03-22 11:55:37','2016-03-22 11:55:37'),(379,'Замена втулок рессорных','3','2016-03-22 11:55:37','2016-03-22 11:55:37'),(380,'Замена втулок стабилизатора','3','2016-03-22 11:55:37','2016-03-22 11:55:37'),(381,'Замена Втулок стабилизатора УАЗ','3','2016-03-22 11:55:37','2016-03-22 11:55:37'),(382,'Замена генератора','3','2016-03-22 11:55:37','2016-03-22 11:55:37'),(383,'Замена глушителя','3','2016-03-22 11:55:37','2016-03-22 11:55:37'),(384,'Замена гранаты (шрус)','3','2016-03-22 11:55:37','2016-03-22 11:55:37'),(385,'Замена ГРМ (ремни, ролики)','3','2016-03-22 11:55:37','2016-03-22 11:55:37'),(386,'Замена датчика (все остальные)','3','2016-03-22 11:55:38','2016-03-22 11:55:38'),(387,'Замена датчика положения дросельн. заслонки','3','2016-03-22 11:55:38','2016-03-22 11:55:38'),(388,'Замена датчика положения распредвала','3','2016-03-22 11:55:38','2016-03-22 11:55:38'),(389,'Замена датчика холостого хода','3','2016-03-22 11:55:38','2016-03-22 11:55:38'),(390,'Замена дверных ручек','3','2016-03-22 11:55:38','2016-03-22 11:55:38'),(391,'Замена заднего стабилизатора','3','2016-03-22 11:55:38','2016-03-22 11:55:38'),(392,'Замена замка двери','3','2016-03-22 11:55:38','2016-03-22 11:55:38'),(393,'Замена замка зажигания','3','2016-03-22 11:55:38','2016-03-22 11:55:38'),(394,'Замена кардана (заднего) УАЗ','3','2016-03-22 11:55:38','2016-03-22 11:55:38'),(395,'Замена кардана (переднего) УАЗ','3','2016-03-22 11:55:38','2016-03-22 11:55:38'),(396,'Замена катушки зажигания','3','2016-03-22 11:55:38','2016-03-22 11:55:38'),(397,'Замена клаппанов','3','2016-03-22 11:55:39','2016-03-22 11:55:39'),(398,'Замена коллектора (выпускного)','3','2016-03-22 11:55:39','2016-03-22 11:55:39'),(399,'Замена крестовины','3','2016-03-22 11:55:39','2016-03-22 11:55:39'),(400,'Замена крестовины КПП','3','2016-03-22 11:55:39','2016-03-22 11:55:39'),(401,'Замена кронштейна растяжки (краб)','3','2016-03-22 11:55:39','2016-03-22 11:55:39'),(402,'замена масла в мостах','3','2016-03-22 11:55:39','2016-03-22 11:55:39'),(403,'Замена масла в разд. кор.','3','2016-03-22 11:55:39','2016-03-22 11:55:39'),(404,'Замена масла ГУР','3','2016-03-22 11:55:39','2016-03-22 11:55:39'),(405,'Замена масла ДВС','3','2016-03-22 11:55:39','2016-03-22 11:55:39'),(406,'Замена масла КПП','3','2016-03-22 11:55:39','2016-03-22 11:55:39'),(407,'Замена масла трансмисии','3','2016-03-22 11:55:39','2016-03-22 11:55:39'),(408,'Замена мотора отопителя','3','2016-03-22 11:55:39','2016-03-22 11:55:39'),(409,'Замена наконечников рулевых','3','2016-03-22 11:55:39','2016-03-22 11:55:39'),(410,'Замена насоса маслянного','3','2016-03-22 11:55:39','2016-03-22 11:55:39'),(411,'Замена опор стоек (перед)','3','2016-03-22 11:55:39','2016-03-22 11:55:39'),(412,'Замена патрубка системы охлаждения','3','2016-03-22 11:55:39','2016-03-22 11:55:39'),(413,'Замена платы фонаря (задн)','3','2016-03-22 11:55:39','2016-03-22 11:55:39'),(414,'Замена подушки двигателя','3','2016-03-22 11:55:40','2016-03-22 11:55:40'),(415,'Замена подшипника генератора (бол.)','3','2016-03-22 11:55:40','2016-03-22 11:55:40'),(416,'Замена подшипника генератора (мал.)','3','2016-03-22 11:55:40','2016-03-22 11:55:40'),(417,'Замена подшипника ступицы (задн.)','3','2016-03-22 11:55:40','2016-03-22 11:55:40'),(418,'Замена подшипника ступицы (передн.)','3','2016-03-22 11:55:40','2016-03-22 11:55:40'),(419,'Замена полуоси','3','2016-03-22 11:55:40','2016-03-22 11:55:40'),(420,'Замена помпы (водяной насос)','3','2016-03-22 11:55:40','2016-03-22 11:55:40'),(421,'Замена поршневой группы','3','2016-03-22 11:55:40','2016-03-22 11:55:40'),(422,'Замена привода','3','2016-03-22 11:55:40','2016-03-22 11:55:40'),(423,'Замена провода','3','2016-03-22 11:55:40','2016-03-22 11:55:40'),(424,'Замена прокладки глушителя','3','2016-03-22 11:55:40','2016-03-22 11:55:40'),(425,'Замена прокладки смотрового окна штанги','3','2016-03-22 11:55:40','2016-03-22 11:55:40'),(426,'Замена пыльника гранаты (наружной)','3','2016-03-22 11:55:40','2016-03-22 11:55:40'),(427,'Замена радиатора','3','2016-03-22 11:55:40','2016-03-22 11:55:40'),(428,'Замена реактивных тяг','3','2016-03-22 11:55:40','2016-03-22 11:55:40'),(429,'Замена регулятора тормозных сил','3','2016-03-22 11:55:41','2016-03-22 11:55:41'),(430,'Замена резистора печки','3','2016-03-22 11:55:41','2016-03-22 11:55:41'),(431,'Замена резонатора','3','2016-03-22 11:55:41','2016-03-22 11:55:41'),(432,'Замена ремня / НЕ БРАТЬ','3','2016-03-22 11:55:41','2016-03-22 11:55:41'),(433,'Замена ремня генератора','3','2016-03-22 11:55:41','2016-03-22 11:55:41'),(434,'Замена ремня и роликов','3','2016-03-22 11:55:41','2016-03-22 11:55:41'),(435,'Замена ремня ручейкового','3','2016-03-22 11:55:41','2016-03-22 11:55:41'),(436,'Замена реостат переключателя печки','3','2016-03-22 11:55:41','2016-03-22 11:55:41'),(437,'Замена ролика ГРМ (натяжного)','3','2016-03-22 11:55:41','2016-03-22 11:55:41'),(438,'Замена рулевого кардана','3','2016-03-22 11:55:41','2016-03-22 11:55:41'),(439,'Замена рулевой рейки','3','2016-03-22 11:55:41','2016-03-22 11:55:41'),(440,'Замена рулевой трапеции','3','2016-03-22 11:55:41','2016-03-22 11:55:41'),(441,'Замена рулевой тяги','3','2016-03-22 11:55:41','2016-03-22 11:55:41'),(442,'Замена ручки двери','3','2016-03-22 11:55:41','2016-03-22 11:55:41'),(443,'Замена рычага переключения передач','3','2016-03-22 11:55:42','2016-03-22 11:55:42'),(444,'Замена рычага(нижнего)','3','2016-03-22 11:55:42','2016-03-22 11:55:42'),(445,'Замена рычага(нижнего) косточка','3','2016-03-22 11:55:42','2016-03-22 11:55:42'),(446,'Замена сайлентблоков','3','2016-03-22 11:55:42','2016-03-22 11:55:42'),(447,'Замена сайлентблоков (отечеств)','3','2016-03-22 11:55:42','2016-03-22 11:55:42'),(448,'Замена сайлентблоков перед (иномарки)','3','2016-03-22 11:55:42','2016-03-22 11:55:42'),(449,'Замена сайлентблоков продольных тяг','3','2016-03-22 11:55:42','2016-03-22 11:55:42'),(450,'Замена сальника коленвала (переднего)','3','2016-03-22 11:55:42','2016-03-22 11:55:42'),(451,'Замена сальника КПП','3','2016-03-22 11:55:42','2016-03-22 11:55:42'),(452,'Замена сальника полуоси','3','2016-03-22 11:55:42','2016-03-22 11:55:42'),(453,'Замена сальника редуктора заднего моста','3','2016-03-22 11:55:42','2016-03-22 11:55:42'),(454,'Замена сальников клаппанов','3','2016-03-22 11:55:42','2016-03-22 11:55:42'),(455,'Замена свечей зажигания','3','2016-03-22 11:55:42','2016-03-22 11:55:42'),(456,'Замена стартера','3','2016-03-22 11:55:42','2016-03-22 11:55:42'),(457,'Замена стекла лобового','3','2016-03-22 11:55:42','2016-03-22 11:55:42'),(458,'Замена стоек стабилизатора (линьки)','3','2016-03-22 11:55:42','2016-03-22 11:55:42'),(459,'Замена ступицы (в сборе)','3','2016-03-22 11:55:43','2016-03-22 11:55:43'),(460,'Замена сцепления','3','2016-03-22 11:55:43','2016-03-22 11:55:43'),(461,'Замена термостата','3','2016-03-22 11:55:43','2016-03-22 11:55:43'),(462,'Замена тормозного суппорта','3','2016-03-22 11:55:43','2016-03-22 11:55:43'),(463,'Замена тормозной жидкости','3','2016-03-22 11:55:43','2016-03-22 11:55:43'),(464,'Замена тормозных дисков','3','2016-03-22 11:55:43','2016-03-22 11:55:43'),(465,'Замена тормозных колодок(дисковые)','3','2016-03-22 11:55:43','2016-03-22 11:55:43'),(466,'Замена тормозных колодок(задних)','3','2016-03-22 11:55:43','2016-03-22 11:55:43'),(467,'Замена тормозных колодок(пердних)','3','2016-03-22 11:55:43','2016-03-22 11:55:43'),(468,'Замена тосола','3','2016-03-22 11:55:43','2016-03-22 11:55:43'),(469,'Замена траверса КПП','3','2016-03-22 11:55:43','2016-03-22 11:55:43'),(470,'Замена тросов ручного тормоза','3','2016-03-22 11:55:43','2016-03-22 11:55:43'),(471,'Замена тяги в сборе (поперечная) УАЗ','3','2016-03-22 11:55:43','2016-03-22 11:55:43'),(472,'Замена фильтра (воздушного)','3','2016-03-22 11:55:43','2016-03-22 11:55:43'),(473,'Замена фильтра (салон)','3','2016-03-22 11:55:43','2016-03-22 11:55:43'),(474,'Замена фильтра (тон.очистки)','3','2016-03-22 11:55:44','2016-03-22 11:55:44'),(475,'Замена фильтра (топливного)','3','2016-03-22 11:55:44','2016-03-22 11:55:44'),(476,'Замена фильтра АКПП','3','2016-03-22 11:55:44','2016-03-22 11:55:44'),(477,'Замена фильтров','3','2016-03-22 11:55:44','2016-03-22 11:55:44'),(478,'Замена форсунок','3','2016-03-22 11:55:44','2016-03-22 11:55:44'),(479,'Замена цилиндра сцепления (главный)','3','2016-03-22 11:55:44','2016-03-22 11:55:44'),(480,'Замена цилиндра сцепления (рабочий)','3','2016-03-22 11:55:44','2016-03-22 11:55:44'),(481,'Замена цилиндра тормозного (главного)','3','2016-03-22 11:55:44','2016-03-22 11:55:44'),(482,'Замена цилиндра тормозного (заднего)','3','2016-03-22 11:55:44','2016-03-22 11:55:44'),(483,'Замена шаровой опоры','3','2016-03-22 11:55:44','2016-03-22 11:55:44'),(484,'Замена шестерни зажигания (ведущей)','3','2016-03-22 11:55:44','2016-03-22 11:55:44'),(485,'Замена шестерни распредвала','3','2016-03-22 11:55:44','2016-03-22 11:55:44'),(486,'Замена шкворней','3','2016-03-22 11:55:44','2016-03-22 11:55:44'),(487,'Замена шланга топливного','3','2016-03-22 11:55:44','2016-03-22 11:55:44'),(488,'Замена шланга тормозного','3','2016-03-22 11:55:45','2016-03-22 11:55:45'),(489,'Заправка кондиционера','3','2016-03-22 11:55:45','2016-03-22 11:55:45'),(490,'Мойка автомобиля','3','2016-03-22 11:55:45','2016-03-22 11:55:45'),(491,'Мойка блока двигателя','3','2016-03-22 11:55:45','2016-03-22 11:55:45'),(492,'Мойка головки двигателя','3','2016-03-22 11:55:45','2016-03-22 11:55:45'),(493,'Мойка колеса','3','2016-03-22 11:55:45','2016-03-22 11:55:45'),(494,'Набивка коленвала','3','2016-03-22 11:55:45','2016-03-22 11:55:45'),(495,'Осмотр ходовой','3','2016-03-22 11:55:45','2016-03-22 11:55:45'),(496,'Перебортовка колеса','3','2016-03-22 11:55:45','2016-03-22 11:55:45'),(497,'Подкачка колеса','3','2016-03-22 11:55:45','2016-03-22 11:55:45'),(498,'Правка диска колеса','3','2016-03-22 11:55:45','2016-03-22 11:55:45'),(499,'Притирка клаппанов','3','2016-03-22 11:55:46','2016-03-22 11:55:46'),(500,'Проверка клаппанов','3','2016-03-22 11:55:46','2016-03-22 11:55:46'),(501,'Промазка колеса','3','2016-03-22 11:55:46','2016-03-22 11:55:46'),(502,'Промазка колеса герметиком','3','2016-03-22 11:55:46','2016-03-22 11:55:46'),(503,'Разборка/Сборка ДВС','3','2016-03-22 11:55:46','2016-03-22 11:55:46'),(504,'Разбортовка колеса','3','2016-03-22 11:55:46','2016-03-22 11:55:46'),(505,'Развал-схождения','3','2016-03-22 11:55:46','2016-03-22 11:55:46'),(506,'Райбирование направляющих клаппанов','3','2016-03-22 11:55:46','2016-03-22 11:55:46'),(507,'Регулеровка ручного тормоза','3','2016-03-22 11:55:46','2016-03-22 11:55:46'),(508,'Регулировка','3','2016-03-22 11:55:46','2016-03-22 11:55:46'),(509,'Регулировка клапанов (в диагностике)','3','2016-03-22 11:55:46','2016-03-22 11:55:46'),(510,'Регулировка рулевой рейки','3','2016-03-22 11:55:46','2016-03-22 11:55:46'),(511,'Ремонт блока предохранителей','3','2016-03-22 11:55:46','2016-03-22 11:55:46'),(512,'Ремонт генератора','3','2016-03-22 11:55:46','2016-03-22 11:55:46'),(513,'Ремонт головки блока','3','2016-03-22 11:55:46','2016-03-22 11:55:46'),(514,'Ремонт замка (центрального)','3','2016-03-22 11:55:46','2016-03-22 11:55:46'),(515,'Ремонт камеры','3','2016-03-22 11:55:47','2016-03-22 11:55:47'),(516,'Ремонт кронштейна крепления рулевой рейки','3','2016-03-22 11:55:47','2016-03-22 11:55:47'),(517,'Ремонт МКПП (коробки передач)','3','2016-03-22 11:55:47','2016-03-22 11:55:47'),(518,'Ремонт стеклоподъемника','3','2016-03-22 11:55:47','2016-03-22 11:55:47'),(519,'Ремонт шины','3','2016-03-22 11:55:47','2016-03-22 11:55:47'),(520,'Ремонт шины грибком','3','2016-03-22 11:55:47','2016-03-22 11:55:47'),(521,'Ремонт шины пластырем R-19','3','2016-03-22 11:55:47','2016-03-22 11:55:47'),(522,'Ремонт электропроводки','3','2016-03-22 11:55:47','2016-03-22 11:55:47'),(523,'Сварка защиты картера','3','2016-03-22 11:55:47','2016-03-22 11:55:47'),(524,'Снятие/Установка головки блока','3','2016-03-22 11:55:47','2016-03-22 11:55:47'),(525,'Снятие/Установка ДВС','3','2016-03-22 11:55:47','2016-03-22 11:55:47'),(526,'Снятие/Установка колеса','3','2016-03-22 11:55:47','2016-03-22 11:55:47'),(527,'Срез болтов','3','2016-03-22 11:55:47','2016-03-22 11:55:47'),(528,'Установка пластырей','3','2016-03-22 11:55:47','2016-03-22 11:55:47'),(529,'Установка руля','3','2016-03-22 11:55:47','2016-03-22 11:55:47'),(530,'Чистка диска','3','2016-03-22 11:55:47','2016-03-22 11:55:47'),(531,'Чистка инжектора','3','2016-03-22 11:55:48','2016-03-22 11:55:48'),(532,'Чистка регулятора холостого хода','3','2016-03-22 11:55:48','2016-03-22 11:55:48'),(533,'Чистка форсунок','3','2016-03-22 11:55:48','2016-03-22 11:55:48'),(534,'Шлифовка головки блока','3','2016-03-22 11:55:48','2016-03-22 11:55:48'),(535,'Шлифовка коленвала','3','2016-03-22 11:55:48','2016-03-22 11:55:48'),(536,'Шлифовка кольца осевого хождения коленчатого вала','3','2016-03-22 11:55:48','2016-03-22 11:55:48'),(537,'Шприцевание кардана (замена смазки) 1 шт?','3','2016-03-22 11:55:48','2016-03-22 11:55:48'),(538,'2013 Замена блока предохранителей','4','2016-03-22 11:55:48','2016-03-22 11:55:48'),(539,'Балансировка колеса','4','2016-03-22 11:55:48','2016-03-22 11:55:48'),(540,'Бортовка колеса','4','2016-03-22 11:55:48','2016-03-22 11:55:48'),(541,'Диагностика автоэлектрики автомобиля','4','2016-03-22 11:55:48','2016-03-22 11:55:48'),(542,'Диагностика двигателя','4','2016-03-22 11:55:48','2016-03-22 11:55:48'),(543,'Диагностика на вибростенде','4','2016-03-22 11:55:48','2016-03-22 11:55:48'),(544,'Забортовка колеса','4','2016-03-22 11:55:48','2016-03-22 11:55:48'),(545,'Замена амортизаторов (иномарки)','4','2016-03-22 11:55:48','2016-03-22 11:55:48'),(546,'Замена амортизаторов (отечеств)','4','2016-03-22 11:55:49','2016-03-22 11:55:49'),(547,'Замена амортизаторов перед (отечеств)','4','2016-03-22 11:55:49','2016-03-22 11:55:49'),(548,'Замена антифриза','4','2016-03-22 11:55:49','2016-03-22 11:55:49'),(549,'Замена барабана (тормозного)','4','2016-03-22 11:55:49','2016-03-22 11:55:49'),(550,'Замена бачка (расширительного)','4','2016-03-22 11:55:49','2016-03-22 11:55:49'),(551,'Замена блока предохранителей','4','2016-03-22 11:55:49','2016-03-22 11:55:49'),(552,'Замена Вакуумный усилитель','4','2016-03-22 11:55:49','2016-03-22 11:55:49'),(553,'Замена Вал карданный рулевой УАЗ','4','2016-03-22 11:55:49','2016-03-22 11:55:49'),(554,'Замена вентиля','4','2016-03-22 11:55:49','2016-03-22 11:55:49'),(555,'Замена вкладышей (коренных)','4','2016-03-22 11:55:49','2016-03-22 11:55:49'),(556,'Замена вкладышей (шатунных)','4','2016-03-22 11:55:49','2016-03-22 11:55:49'),(557,'Замена втулок задней балки','4','2016-03-22 11:55:49','2016-03-22 11:55:49'),(558,'Замена втулок рессорных','4','2016-03-22 11:55:49','2016-03-22 11:55:49'),(559,'Замена втулок стабилизатора','4','2016-03-22 11:55:49','2016-03-22 11:55:49'),(560,'Замена Втулок стабилизатора УАЗ','4','2016-03-22 11:55:49','2016-03-22 11:55:49'),(561,'Замена генератора','4','2016-03-22 11:55:49','2016-03-22 11:55:49'),(562,'Замена глушителя','4','2016-03-22 11:55:50','2016-03-22 11:55:50'),(563,'Замена гранаты (шрус)','4','2016-03-22 11:55:50','2016-03-22 11:55:50'),(564,'Замена ГРМ (ремни, ролики)','4','2016-03-22 11:55:50','2016-03-22 11:55:50'),(565,'Замена датчика (все остальные)','4','2016-03-22 11:55:50','2016-03-22 11:55:50'),(566,'Замена датчика положения дросельн. заслонки','4','2016-03-22 11:55:50','2016-03-22 11:55:50'),(567,'Замена датчика положения распредвала','4','2016-03-22 11:55:50','2016-03-22 11:55:50'),(568,'Замена датчика холостого хода','4','2016-03-22 11:55:50','2016-03-22 11:55:50'),(569,'Замена дверных ручек','4','2016-03-22 11:55:50','2016-03-22 11:55:50'),(570,'Замена заднего стабилизатора','4','2016-03-22 11:55:50','2016-03-22 11:55:50'),(571,'Замена замка двери','4','2016-03-22 11:55:50','2016-03-22 11:55:50'),(572,'Замена замка зажигания','4','2016-03-22 11:55:50','2016-03-22 11:55:50'),(573,'Замена кардана (заднего) УАЗ','4','2016-03-22 11:55:50','2016-03-22 11:55:50'),(574,'Замена кардана (переднего) УАЗ','4','2016-03-22 11:55:50','2016-03-22 11:55:50'),(575,'Замена катушки зажигания','4','2016-03-22 11:55:50','2016-03-22 11:55:50'),(576,'Замена клаппанов','4','2016-03-22 11:55:50','2016-03-22 11:55:50'),(577,'Замена коллектора (выпускного)','4','2016-03-22 11:55:50','2016-03-22 11:55:50'),(578,'Замена крестовины','4','2016-03-22 11:55:51','2016-03-22 11:55:51'),(579,'Замена крестовины КПП','4','2016-03-22 11:55:51','2016-03-22 11:55:51'),(580,'Замена кронштейна растяжки (краб)','4','2016-03-22 11:55:51','2016-03-22 11:55:51'),(581,'замена масла в мостах','4','2016-03-22 11:55:51','2016-03-22 11:55:51'),(582,'Замена масла в разд. кор.','4','2016-03-22 11:55:51','2016-03-22 11:55:51'),(583,'Замена масла ГУР','4','2016-03-22 11:55:51','2016-03-22 11:55:51'),(584,'Замена масла ДВС','4','2016-03-22 11:55:51','2016-03-22 11:55:51'),(585,'Замена масла КПП','4','2016-03-22 11:55:51','2016-03-22 11:55:51'),(586,'Замена масла трансмисии','4','2016-03-22 11:55:51','2016-03-22 11:55:51'),(587,'Замена мотора отопителя','4','2016-03-22 11:55:51','2016-03-22 11:55:51'),(588,'Замена наконечников рулевых','4','2016-03-22 11:55:51','2016-03-22 11:55:51'),(589,'Замена насоса маслянного','4','2016-03-22 11:55:51','2016-03-22 11:55:51'),(590,'Замена опор стоек (перед)','4','2016-03-22 11:55:51','2016-03-22 11:55:51'),(591,'Замена патрубка системы охлаждения','4','2016-03-22 11:55:51','2016-03-22 11:55:51'),(592,'Замена платы фонаря (задн)','4','2016-03-22 11:55:51','2016-03-22 11:55:51'),(593,'Замена подушки двигателя','4','2016-03-22 11:55:52','2016-03-22 11:55:52'),(594,'Замена подшипника генератора (бол.)','4','2016-03-22 11:55:52','2016-03-22 11:55:52'),(595,'Замена подшипника генератора (мал.)','4','2016-03-22 11:55:52','2016-03-22 11:55:52'),(596,'Замена подшипника ступицы (задн.)','4','2016-03-22 11:55:52','2016-03-22 11:55:52'),(597,'Замена подшипника ступицы (передн.)','4','2016-03-22 11:55:52','2016-03-22 11:55:52'),(598,'Замена полуоси','4','2016-03-22 11:55:52','2016-03-22 11:55:52'),(599,'Замена помпы (водяной насос)','4','2016-03-22 11:55:52','2016-03-22 11:55:52'),(600,'Замена поршневой группы','4','2016-03-22 11:55:52','2016-03-22 11:55:52'),(601,'Замена привода','4','2016-03-22 11:55:52','2016-03-22 11:55:52'),(602,'Замена провода','4','2016-03-22 11:55:52','2016-03-22 11:55:52'),(603,'Замена прокладки глушителя','4','2016-03-22 11:55:52','2016-03-22 11:55:52'),(604,'Замена прокладки смотрового окна штанги','4','2016-03-22 11:55:52','2016-03-22 11:55:52'),(605,'Замена пыльника гранаты (наружной)','4','2016-03-22 11:55:52','2016-03-22 11:55:52'),(606,'Замена радиатора','4','2016-03-22 11:55:52','2016-03-22 11:55:52'),(607,'Замена реактивных тяг','4','2016-03-22 11:55:52','2016-03-22 11:55:52'),(608,'Замена регулятора тормозных сил','4','2016-03-22 11:55:52','2016-03-22 11:55:52'),(609,'Замена резистора печки','4','2016-03-22 11:55:52','2016-03-22 11:55:52'),(610,'Замена резонатора','4','2016-03-22 11:55:53','2016-03-22 11:55:53'),(611,'Замена ремня / НЕ БРАТЬ','4','2016-03-22 11:55:53','2016-03-22 11:55:53'),(612,'Замена ремня генератора','4','2016-03-22 11:55:53','2016-03-22 11:55:53'),(613,'Замена ремня и роликов','4','2016-03-22 11:55:53','2016-03-22 11:55:53'),(614,'Замена ремня ручейкового','4','2016-03-22 11:55:53','2016-03-22 11:55:53'),(615,'Замена реостат переключателя печки','4','2016-03-22 11:55:53','2016-03-22 11:55:53'),(616,'Замена ролика ГРМ (натяжного)','4','2016-03-22 11:55:53','2016-03-22 11:55:53'),(617,'Замена рулевого кардана','4','2016-03-22 11:55:54','2016-03-22 11:55:54'),(618,'Замена рулевой рейки','4','2016-03-22 11:55:54','2016-03-22 11:55:54'),(619,'Замена рулевой трапеции','4','2016-03-22 11:55:54','2016-03-22 11:55:54'),(620,'Замена рулевой тяги','4','2016-03-22 11:55:54','2016-03-22 11:55:54'),(621,'Замена ручки двери','4','2016-03-22 11:55:54','2016-03-22 11:55:54'),(622,'Замена рычага переключения передач','4','2016-03-22 11:55:54','2016-03-22 11:55:54'),(623,'Замена рычага(нижнего)','4','2016-03-22 11:55:54','2016-03-22 11:55:54'),(624,'Замена рычага(нижнего) косточка','4','2016-03-22 11:55:54','2016-03-22 11:55:54'),(625,'Замена сайлентблоков','4','2016-03-22 11:55:54','2016-03-22 11:55:54'),(626,'Замена сайлентблоков (отечеств)','4','2016-03-22 11:55:54','2016-03-22 11:55:54'),(627,'Замена сайлентблоков перед (иномарки)','4','2016-03-22 11:55:54','2016-03-22 11:55:54'),(628,'Замена сайлентблоков продольных тяг','4','2016-03-22 11:55:54','2016-03-22 11:55:54'),(629,'Замена сальника коленвала (переднего)','4','2016-03-22 11:55:54','2016-03-22 11:55:54'),(630,'Замена сальника КПП','4','2016-03-22 11:55:54','2016-03-22 11:55:54'),(631,'Замена сальника полуоси','4','2016-03-22 11:55:54','2016-03-22 11:55:54'),(632,'Замена сальника редуктора заднего моста','4','2016-03-22 11:55:54','2016-03-22 11:55:54'),(633,'Замена сальников клаппанов','4','2016-03-22 11:55:55','2016-03-22 11:55:55'),(634,'Замена свечей зажигания','4','2016-03-22 11:55:55','2016-03-22 11:55:55'),(635,'Замена стартера','4','2016-03-22 11:55:55','2016-03-22 11:55:55'),(636,'Замена стекла лобового','4','2016-03-22 11:55:55','2016-03-22 11:55:55'),(637,'Замена стоек стабилизатора (линьки)','4','2016-03-22 11:55:55','2016-03-22 11:55:55'),(638,'Замена ступицы (в сборе)','4','2016-03-22 11:55:55','2016-03-22 11:55:55'),(639,'Замена сцепления','4','2016-03-22 11:55:55','2016-03-22 11:55:55'),(640,'Замена термостата','4','2016-03-22 11:55:55','2016-03-22 11:55:55'),(641,'Замена тормозного суппорта','4','2016-03-22 11:55:55','2016-03-22 11:55:55'),(642,'Замена тормозной жидкости','4','2016-03-22 11:55:55','2016-03-22 11:55:55'),(643,'Замена тормозных дисков','4','2016-03-22 11:55:55','2016-03-22 11:55:55'),(644,'Замена тормозных колодок(дисковые)','4','2016-03-22 11:55:55','2016-03-22 11:55:55'),(645,'Замена тормозных колодок(задних)','4','2016-03-22 11:55:56','2016-03-22 11:55:56'),(646,'Замена тормозных колодок(пердних)','4','2016-03-22 11:55:56','2016-03-22 11:55:56'),(647,'Замена тосола','4','2016-03-22 11:55:56','2016-03-22 11:55:56'),(648,'Замена траверса КПП','4','2016-03-22 11:55:56','2016-03-22 11:55:56'),(649,'Замена тросов ручного тормоза','4','2016-03-22 11:55:56','2016-03-22 11:55:56'),(650,'Замена тяги в сборе (поперечная) УАЗ','4','2016-03-22 11:55:56','2016-03-22 11:55:56'),(651,'Замена фильтра (воздушного)','4','2016-03-22 11:55:56','2016-03-22 11:55:56'),(652,'Замена фильтра (салон)','4','2016-03-22 11:55:56','2016-03-22 11:55:56'),(653,'Замена фильтра (тон.очистки)','4','2016-03-22 11:55:56','2016-03-22 11:55:56'),(654,'Замена фильтра (топливного)','4','2016-03-22 11:55:56','2016-03-22 11:55:56'),(655,'Замена фильтра АКПП','4','2016-03-22 11:55:56','2016-03-22 11:55:56'),(656,'Замена фильтров','4','2016-03-22 11:55:56','2016-03-22 11:55:56'),(657,'Замена форсунок','4','2016-03-22 11:55:56','2016-03-22 11:55:56'),(658,'Замена цилиндра сцепления (главный)','4','2016-03-22 11:55:56','2016-03-22 11:55:56'),(659,'Замена цилиндра сцепления (рабочий)','4','2016-03-22 11:55:56','2016-03-22 11:55:56'),(660,'Замена цилиндра тормозного (главного)','4','2016-03-22 11:55:56','2016-03-22 11:55:56'),(661,'Замена цилиндра тормозного (заднего)','4','2016-03-22 11:55:56','2016-03-22 11:55:56'),(662,'Замена шаровой опоры','4','2016-03-22 11:55:57','2016-03-22 11:55:57'),(663,'Замена шестерни зажигания (ведущей)','4','2016-03-22 11:55:57','2016-03-22 11:55:57'),(664,'Замена шестерни распредвала','4','2016-03-22 11:55:57','2016-03-22 11:55:57'),(665,'Замена шкворней','4','2016-03-22 11:55:57','2016-03-22 11:55:57'),(666,'Замена шланга топливного','4','2016-03-22 11:55:57','2016-03-22 11:55:57'),(667,'Замена шланга тормозного','4','2016-03-22 11:55:57','2016-03-22 11:55:57'),(668,'Заправка кондиционера','4','2016-03-22 11:55:57','2016-03-22 11:55:57'),(669,'Мойка автомобиля','4','2016-03-22 11:55:57','2016-03-22 11:55:57'),(670,'Мойка блока двигателя','4','2016-03-22 11:55:57','2016-03-22 11:55:57'),(671,'Мойка головки двигателя','4','2016-03-22 11:55:57','2016-03-22 11:55:57'),(672,'Мойка колеса','4','2016-03-22 11:55:57','2016-03-22 11:55:57'),(673,'Набивка коленвала','4','2016-03-22 11:55:57','2016-03-22 11:55:57'),(674,'Осмотр ходовой','4','2016-03-22 11:55:57','2016-03-22 11:55:57'),(675,'Перебортовка колеса','4','2016-03-22 11:55:57','2016-03-22 11:55:57'),(676,'Подкачка колеса','4','2016-03-22 11:55:57','2016-03-22 11:55:57'),(677,'Правка диска колеса','4','2016-03-22 11:55:57','2016-03-22 11:55:57'),(678,'Притирка клаппанов','4','2016-03-22 11:55:58','2016-03-22 11:55:58'),(679,'Проверка клаппанов','4','2016-03-22 11:55:58','2016-03-22 11:55:58'),(680,'Промазка колеса','4','2016-03-22 11:55:58','2016-03-22 11:55:58'),(681,'Промазка колеса герметиком','4','2016-03-22 11:55:58','2016-03-22 11:55:58'),(682,'Разборка/Сборка ДВС','4','2016-03-22 11:55:58','2016-03-22 11:55:58'),(683,'Разбортовка колеса','4','2016-03-22 11:55:58','2016-03-22 11:55:58'),(684,'Развал-схождения','4','2016-03-22 11:55:58','2016-03-22 11:55:58'),(685,'Райбирование направляющих клаппанов','4','2016-03-22 11:55:58','2016-03-22 11:55:58'),(686,'Регулеровка ручного тормоза','4','2016-03-22 11:55:58','2016-03-22 11:55:58'),(687,'Регулировка','4','2016-03-22 11:55:58','2016-03-22 11:55:58'),(688,'Регулировка клапанов (в диагностике)','4','2016-03-22 11:55:58','2016-03-22 11:55:58'),(689,'Регулировка рулевой рейки','4','2016-03-22 11:55:59','2016-03-22 11:55:59'),(690,'Ремонт блока предохранителей','4','2016-03-22 11:55:59','2016-03-22 11:55:59'),(691,'Ремонт генератора','4','2016-03-22 11:55:59','2016-03-22 11:55:59'),(692,'Ремонт головки блока','4','2016-03-22 11:55:59','2016-03-22 11:55:59'),(693,'Ремонт замка (центрального)','4','2016-03-22 11:55:59','2016-03-22 11:55:59'),(694,'Ремонт камеры','4','2016-03-22 11:55:59','2016-03-22 11:55:59'),(695,'Ремонт кронштейна крепления рулевой рейки','4','2016-03-22 11:55:59','2016-03-22 11:55:59'),(696,'Ремонт МКПП (коробки передач)','4','2016-03-22 11:55:59','2016-03-22 11:55:59'),(697,'Ремонт стеклоподъемника','4','2016-03-22 11:55:59','2016-03-22 11:55:59'),(698,'Ремонт шины','4','2016-03-22 11:55:59','2016-03-22 11:55:59'),(699,'Ремонт шины грибком','4','2016-03-22 11:55:59','2016-03-22 11:55:59'),(700,'Ремонт шины пластырем R-19','4','2016-03-22 11:55:59','2016-03-22 11:55:59'),(701,'Ремонт электропроводки','4','2016-03-22 11:55:59','2016-03-22 11:55:59'),(702,'Сварка защиты картера','4','2016-03-22 11:55:59','2016-03-22 11:55:59'),(703,'Снятие/Установка головки блока','4','2016-03-22 11:55:59','2016-03-22 11:55:59'),(704,'Снятие/Установка ДВС','4','2016-03-22 11:55:59','2016-03-22 11:55:59'),(705,'Снятие/Установка колеса','4','2016-03-22 11:55:59','2016-03-22 11:55:59'),(706,'Срез болтов','4','2016-03-22 11:56:00','2016-03-22 11:56:00'),(707,'Установка пластырей','4','2016-03-22 11:56:00','2016-03-22 11:56:00'),(708,'Установка руля','4','2016-03-22 11:56:00','2016-03-22 11:56:00'),(709,'Чистка диска','4','2016-03-22 11:56:00','2016-03-22 11:56:00'),(710,'Чистка инжектора','4','2016-03-22 11:56:00','2016-03-22 11:56:00'),(711,'Чистка регулятора холостого хода','4','2016-03-22 11:56:00','2016-03-22 11:56:00'),(712,'Чистка форсунок','4','2016-03-22 11:56:00','2016-03-22 11:56:00'),(713,'Шлифовка головки блока','4','2016-03-22 11:56:00','2016-03-22 11:56:00'),(714,'Шлифовка коленвала','4','2016-03-22 11:56:00','2016-03-22 11:56:00'),(715,'Шлифовка кольца осевого хождения коленчатого вала','4','2016-03-22 11:56:00','2016-03-22 11:56:00'),(716,'Шприцевание кардана (замена смазки) 1 шт?','4','2016-03-22 11:56:00','2016-03-22 11:56:00'),(717,'2013 Замена блока предохранителей','5','2016-03-22 11:56:00','2016-03-22 11:56:00'),(718,'Балансировка колеса','5','2016-03-22 11:56:00','2016-03-22 11:56:00'),(719,'Бортовка колеса','5','2016-03-22 11:56:00','2016-03-22 11:56:00'),(720,'Диагностика автоэлектрики автомобиля','5','2016-03-22 11:56:00','2016-03-22 11:56:00'),(721,'Диагностика двигателя','5','2016-03-22 11:56:00','2016-03-22 11:56:00'),(722,'Диагностика на вибростенде','5','2016-03-22 11:56:01','2016-03-22 11:56:01'),(723,'Забортовка колеса','5','2016-03-22 11:56:01','2016-03-22 11:56:01'),(724,'Замена амортизаторов (иномарки)','5','2016-03-22 11:56:01','2016-03-22 11:56:01'),(725,'Замена амортизаторов (отечеств)','5','2016-03-22 11:56:01','2016-03-22 11:56:01'),(726,'Замена амортизаторов перед (отечеств)','5','2016-03-22 11:56:01','2016-03-22 11:56:01'),(727,'Замена антифриза','5','2016-03-22 11:56:01','2016-03-22 11:56:01'),(728,'Замена барабана (тормозного)','5','2016-03-22 11:56:01','2016-03-22 11:56:01'),(729,'Замена бачка (расширительного)','5','2016-03-22 11:56:01','2016-03-22 11:56:01'),(730,'Замена блока предохранителей','5','2016-03-22 11:56:01','2016-03-22 11:56:01'),(731,'Замена Вакуумный усилитель','5','2016-03-22 11:56:01','2016-03-22 11:56:01'),(732,'Замена Вал карданный рулевой УАЗ','5','2016-03-22 11:56:01','2016-03-22 11:56:01'),(733,'Замена вентиля','5','2016-03-22 11:56:01','2016-03-22 11:56:01'),(734,'Замена вкладышей (коренных)','5','2016-03-22 11:56:01','2016-03-22 11:56:01'),(735,'Замена вкладышей (шатунных)','5','2016-03-22 11:56:02','2016-03-22 11:56:02'),(736,'Замена втулок задней балки','5','2016-03-22 11:56:02','2016-03-22 11:56:02'),(737,'Замена втулок рессорных','5','2016-03-22 11:56:02','2016-03-22 11:56:02'),(738,'Замена втулок стабилизатора','5','2016-03-22 11:56:02','2016-03-22 11:56:02'),(739,'Замена Втулок стабилизатора УАЗ','5','2016-03-22 11:56:02','2016-03-22 11:56:02'),(740,'Замена генератора','5','2016-03-22 11:56:02','2016-03-22 11:56:02'),(741,'Замена глушителя','5','2016-03-22 11:56:02','2016-03-22 11:56:02'),(742,'Замена гранаты (шрус)','5','2016-03-22 11:56:02','2016-03-22 11:56:02'),(743,'Замена ГРМ (ремни, ролики)','5','2016-03-22 11:56:02','2016-03-22 11:56:02'),(744,'Замена датчика (все остальные)','5','2016-03-22 11:56:02','2016-03-22 11:56:02'),(745,'Замена датчика положения дросельн. заслонки','5','2016-03-22 11:56:02','2016-03-22 11:56:02'),(746,'Замена датчика положения распредвала','5','2016-03-22 11:56:02','2016-03-22 11:56:02'),(747,'Замена датчика холостого хода','5','2016-03-22 11:56:02','2016-03-22 11:56:02'),(748,'Замена дверных ручек','5','2016-03-22 11:56:02','2016-03-22 11:56:02'),(749,'Замена заднего стабилизатора','5','2016-03-22 11:56:02','2016-03-22 11:56:02'),(750,'Замена замка двери','5','2016-03-22 11:56:02','2016-03-22 11:56:02'),(751,'Замена замка зажигания','5','2016-03-22 11:56:02','2016-03-22 11:56:02'),(752,'Замена кардана (заднего) УАЗ','5','2016-03-22 11:56:03','2016-03-22 11:56:03'),(753,'Замена кардана (переднего) УАЗ','5','2016-03-22 11:56:03','2016-03-22 11:56:03'),(754,'Замена катушки зажигания','5','2016-03-22 11:56:03','2016-03-22 11:56:03'),(755,'Замена клаппанов','5','2016-03-22 11:56:03','2016-03-22 11:56:03'),(756,'Замена коллектора (выпускного)','5','2016-03-22 11:56:03','2016-03-22 11:56:03'),(757,'Замена крестовины','5','2016-03-22 11:56:03','2016-03-22 11:56:03'),(758,'Замена крестовины КПП','5','2016-03-22 11:56:03','2016-03-22 11:56:03'),(759,'Замена кронштейна растяжки (краб)','5','2016-03-22 11:56:03','2016-03-22 11:56:03'),(760,'замена масла в мостах','5','2016-03-22 11:56:03','2016-03-22 11:56:03'),(761,'Замена масла в разд. кор.','5','2016-03-22 11:56:03','2016-03-22 11:56:03'),(762,'Замена масла ГУР','5','2016-03-22 11:56:03','2016-03-22 11:56:03'),(763,'Замена масла ДВС','5','2016-03-22 11:56:03','2016-03-22 11:56:03'),(764,'Замена масла КПП','5','2016-03-22 11:56:03','2016-03-22 11:56:03'),(765,'Замена масла трансмисии','5','2016-03-22 11:56:03','2016-03-22 11:56:03'),(766,'Замена мотора отопителя','5','2016-03-22 11:56:03','2016-03-22 11:56:03'),(767,'Замена наконечников рулевых','5','2016-03-22 11:56:03','2016-03-22 11:56:03'),(768,'Замена насоса маслянного','5','2016-03-22 11:56:04','2016-03-22 11:56:04'),(769,'Замена опор стоек (перед)','5','2016-03-22 11:56:04','2016-03-22 11:56:04'),(770,'Замена патрубка системы охлаждения','5','2016-03-22 11:56:04','2016-03-22 11:56:04'),(771,'Замена платы фонаря (задн)','5','2016-03-22 11:56:04','2016-03-22 11:56:04'),(772,'Замена подушки двигателя','5','2016-03-22 11:56:04','2016-03-22 11:56:04'),(773,'Замена подшипника генератора (бол.)','5','2016-03-22 11:56:04','2016-03-22 11:56:04'),(774,'Замена подшипника генератора (мал.)','5','2016-03-22 11:56:04','2016-03-22 11:56:04'),(775,'Замена подшипника ступицы (задн.)','5','2016-03-22 11:56:04','2016-03-22 11:56:04'),(776,'Замена подшипника ступицы (передн.)','5','2016-03-22 11:56:04','2016-03-22 11:56:04'),(777,'Замена полуоси','5','2016-03-22 11:56:04','2016-03-22 11:56:04'),(778,'Замена помпы (водяной насос)','5','2016-03-22 11:56:04','2016-03-22 11:56:04'),(779,'Замена поршневой группы','5','2016-03-22 11:56:04','2016-03-22 11:56:04'),(780,'Замена привода','5','2016-03-22 11:56:04','2016-03-22 11:56:04'),(781,'Замена провода','5','2016-03-22 11:56:04','2016-03-22 11:56:04'),(782,'Замена прокладки глушителя','5','2016-03-22 11:56:05','2016-03-22 11:56:05'),(783,'Замена прокладки смотрового окна штанги','5','2016-03-22 11:56:05','2016-03-22 11:56:05'),(784,'Замена пыльника гранаты (наружной)','5','2016-03-22 11:56:05','2016-03-22 11:56:05'),(785,'Замена радиатора','5','2016-03-22 11:56:05','2016-03-22 11:56:05'),(786,'Замена реактивных тяг','5','2016-03-22 11:56:05','2016-03-22 11:56:05'),(787,'Замена регулятора тормозных сил','5','2016-03-22 11:56:05','2016-03-22 11:56:05'),(788,'Замена резистора печки','5','2016-03-22 11:56:05','2016-03-22 11:56:05'),(789,'Замена резонатора','5','2016-03-22 11:56:05','2016-03-22 11:56:05'),(790,'Замена ремня / НЕ БРАТЬ','5','2016-03-22 11:56:05','2016-03-22 11:56:05'),(791,'Замена ремня генератора','5','2016-03-22 11:56:05','2016-03-22 11:56:05'),(792,'Замена ремня и роликов','5','2016-03-22 11:56:05','2016-03-22 11:56:05'),(793,'Замена ремня ручейкового','5','2016-03-22 11:56:05','2016-03-22 11:56:05'),(794,'Замена реостат переключателя печки','5','2016-03-22 11:56:05','2016-03-22 11:56:05'),(795,'Замена ролика ГРМ (натяжного)','5','2016-03-22 11:56:05','2016-03-22 11:56:05'),(796,'Замена рулевого кардана','5','2016-03-22 11:56:06','2016-03-22 11:56:06'),(797,'Замена рулевой рейки','5','2016-03-22 11:56:06','2016-03-22 11:56:06'),(798,'Замена рулевой трапеции','5','2016-03-22 11:56:06','2016-03-22 11:56:06'),(799,'Замена рулевой тяги','5','2016-03-22 11:56:06','2016-03-22 11:56:06'),(800,'Замена ручки двери','5','2016-03-22 11:56:06','2016-03-22 11:56:06'),(801,'Замена рычага переключения передач','5','2016-03-22 11:56:06','2016-03-22 11:56:06'),(802,'Замена рычага(нижнего)','5','2016-03-22 11:56:06','2016-03-22 11:56:06'),(803,'Замена рычага(нижнего) косточка','5','2016-03-22 11:56:06','2016-03-22 11:56:06'),(804,'Замена сайлентблоков','5','2016-03-22 11:56:06','2016-03-22 11:56:06'),(805,'Замена сайлентблоков (отечеств)','5','2016-03-22 11:56:06','2016-03-22 11:56:06'),(806,'Замена сайлентблоков перед (иномарки)','5','2016-03-22 11:56:06','2016-03-22 11:56:06'),(807,'Замена сайлентблоков продольных тяг','5','2016-03-22 11:56:06','2016-03-22 11:56:06'),(808,'Замена сальника коленвала (переднего)','5','2016-03-22 11:56:06','2016-03-22 11:56:06'),(809,'Замена сальника КПП','5','2016-03-22 11:56:06','2016-03-22 11:56:06'),(810,'Замена сальника полуоси','5','2016-03-22 11:56:07','2016-03-22 11:56:07'),(811,'Замена сальника редуктора заднего моста','5','2016-03-22 11:56:07','2016-03-22 11:56:07'),(812,'Замена сальников клаппанов','5','2016-03-22 11:56:07','2016-03-22 11:56:07'),(813,'Замена свечей зажигания','5','2016-03-22 11:56:07','2016-03-22 11:56:07'),(814,'Замена стартера','5','2016-03-22 11:56:07','2016-03-22 11:56:07'),(815,'Замена стекла лобового','5','2016-03-22 11:56:07','2016-03-22 11:56:07'),(816,'Замена стоек стабилизатора (линьки)','5','2016-03-22 11:56:07','2016-03-22 11:56:07'),(817,'Замена ступицы (в сборе)','5','2016-03-22 11:56:07','2016-03-22 11:56:07'),(818,'Замена сцепления','5','2016-03-22 11:56:07','2016-03-22 11:56:07'),(819,'Замена термостата','5','2016-03-22 11:56:07','2016-03-22 11:56:07'),(820,'Замена тормозного суппорта','5','2016-03-22 11:56:07','2016-03-22 11:56:07'),(821,'Замена тормозной жидкости','5','2016-03-22 11:56:07','2016-03-22 11:56:07'),(822,'Замена тормозных дисков','5','2016-03-22 11:56:07','2016-03-22 11:56:07'),(823,'Замена тормозных колодок(дисковые)','5','2016-03-22 11:56:07','2016-03-22 11:56:07'),(824,'Замена тормозных колодок(задних)','5','2016-03-22 11:56:07','2016-03-22 11:56:07'),(825,'Замена тормозных колодок(пердних)','5','2016-03-22 11:56:07','2016-03-22 11:56:07'),(826,'Замена тосола','5','2016-03-22 11:56:08','2016-03-22 11:56:08'),(827,'Замена траверса КПП','5','2016-03-22 11:56:08','2016-03-22 11:56:08'),(828,'Замена тросов ручного тормоза','5','2016-03-22 11:56:08','2016-03-22 11:56:08'),(829,'Замена тяги в сборе (поперечная) УАЗ','5','2016-03-22 11:56:08','2016-03-22 11:56:08'),(830,'Замена фильтра (воздушного)','5','2016-03-22 11:56:08','2016-03-22 11:56:08'),(831,'Замена фильтра (салон)','5','2016-03-22 11:56:08','2016-03-22 11:56:08'),(832,'Замена фильтра (тон.очистки)','5','2016-03-22 11:56:08','2016-03-22 11:56:08'),(833,'Замена фильтра (топливного)','5','2016-03-22 11:56:08','2016-03-22 11:56:08'),(834,'Замена фильтра АКПП','5','2016-03-22 11:56:08','2016-03-22 11:56:08'),(835,'Замена фильтров','5','2016-03-22 11:56:08','2016-03-22 11:56:08'),(836,'Замена форсунок','5','2016-03-22 11:56:08','2016-03-22 11:56:08'),(837,'Замена цилиндра сцепления (главный)','5','2016-03-22 11:56:08','2016-03-22 11:56:08'),(838,'Замена цилиндра сцепления (рабочий)','5','2016-03-22 11:56:09','2016-03-22 11:56:09'),(839,'Замена цилиндра тормозного (главного)','5','2016-03-22 11:56:09','2016-03-22 11:56:09'),(840,'Замена цилиндра тормозного (заднего)','5','2016-03-22 11:56:09','2016-03-22 11:56:09'),(841,'Замена шаровой опоры','5','2016-03-22 11:56:09','2016-03-22 11:56:09'),(842,'Замена шестерни зажигания (ведущей)','5','2016-03-22 11:56:09','2016-03-22 11:56:09'),(843,'Замена шестерни распредвала','5','2016-03-22 11:56:09','2016-03-22 11:56:09'),(844,'Замена шкворней','5','2016-03-22 11:56:09','2016-03-22 11:56:09'),(845,'Замена шланга топливного','5','2016-03-22 11:56:09','2016-03-22 11:56:09'),(846,'Замена шланга тормозного','5','2016-03-22 11:56:09','2016-03-22 11:56:09'),(847,'Заправка кондиционера','5','2016-03-22 11:56:09','2016-03-22 11:56:09'),(848,'Мойка автомобиля','5','2016-03-22 11:56:09','2016-03-22 11:56:09'),(849,'Мойка блока двигателя','5','2016-03-22 11:56:09','2016-03-22 11:56:09'),(850,'Мойка головки двигателя','5','2016-03-22 11:56:09','2016-03-22 11:56:09'),(851,'Мойка колеса','5','2016-03-22 11:56:09','2016-03-22 11:56:09'),(852,'Набивка коленвала','5','2016-03-22 11:56:10','2016-03-22 11:56:10'),(853,'Осмотр ходовой','5','2016-03-22 11:56:10','2016-03-22 11:56:10'),(854,'Перебортовка колеса','5','2016-03-22 11:56:10','2016-03-22 11:56:10'),(855,'Подкачка колеса','5','2016-03-22 11:56:10','2016-03-22 11:56:10'),(856,'Правка диска колеса','5','2016-03-22 11:56:10','2016-03-22 11:56:10'),(857,'Притирка клаппанов','5','2016-03-22 11:56:10','2016-03-22 11:56:10'),(858,'Проверка клаппанов','5','2016-03-22 11:56:10','2016-03-22 11:56:10'),(859,'Промазка колеса','5','2016-03-22 11:56:10','2016-03-22 11:56:10'),(860,'Промазка колеса герметиком','5','2016-03-22 11:56:10','2016-03-22 11:56:10'),(861,'Разборка/Сборка ДВС','5','2016-03-22 11:56:10','2016-03-22 11:56:10'),(862,'Разбортовка колеса','5','2016-03-22 11:56:10','2016-03-22 11:56:10'),(863,'Развал-схождения','5','2016-03-22 11:56:10','2016-03-22 11:56:10'),(864,'Райбирование направляющих клаппанов','5','2016-03-22 11:56:10','2016-03-22 11:56:10'),(865,'Регулеровка ручного тормоза','5','2016-03-22 11:56:10','2016-03-22 11:56:10'),(866,'Регулировка','5','2016-03-22 11:56:10','2016-03-22 11:56:10'),(867,'Регулировка клапанов (в диагностике)','5','2016-03-22 11:56:10','2016-03-22 11:56:10'),(868,'Регулировка рулевой рейки','5','2016-03-22 11:56:11','2016-03-22 11:56:11'),(869,'Ремонт блока предохранителей','5','2016-03-22 11:56:11','2016-03-22 11:56:11'),(870,'Ремонт генератора','5','2016-03-22 11:56:11','2016-03-22 11:56:11'),(871,'Ремонт головки блока','5','2016-03-22 11:56:11','2016-03-22 11:56:11'),(872,'Ремонт замка (центрального)','5','2016-03-22 11:56:11','2016-03-22 11:56:11'),(873,'Ремонт камеры','5','2016-03-22 11:56:11','2016-03-22 11:56:11'),(874,'Ремонт кронштейна крепления рулевой рейки','5','2016-03-22 11:56:11','2016-03-22 11:56:11'),(875,'Ремонт МКПП (коробки передач)','5','2016-03-22 11:56:11','2016-03-22 11:56:11'),(876,'Ремонт стеклоподъемника','5','2016-03-22 11:56:11','2016-03-22 11:56:11'),(877,'Ремонт шины','5','2016-03-22 11:56:11','2016-03-22 11:56:11'),(878,'Ремонт шины грибком','5','2016-03-22 11:56:11','2016-03-22 11:56:11'),(879,'Ремонт шины пластырем R-19','5','2016-03-22 11:56:11','2016-03-22 11:56:11'),(880,'Ремонт электропроводки','5','2016-03-22 11:56:11','2016-03-22 11:56:11'),(881,'Сварка защиты картера','5','2016-03-22 11:56:11','2016-03-22 11:56:11'),(882,'Снятие/Установка головки блока','5','2016-03-22 11:56:11','2016-03-22 11:56:11'),(883,'Снятие/Установка ДВС','5','2016-03-22 11:56:12','2016-03-22 11:56:12'),(884,'Снятие/Установка колеса','5','2016-03-22 11:56:12','2016-03-22 11:56:12'),(885,'Срез болтов','5','2016-03-22 11:56:12','2016-03-22 11:56:12'),(886,'Установка пластырей','5','2016-03-22 11:56:12','2016-03-22 11:56:12'),(887,'Установка руля','5','2016-03-22 11:56:12','2016-03-22 11:56:12'),(888,'Чистка диска','5','2016-03-22 11:56:12','2016-03-22 11:56:12'),(889,'Чистка инжектора','5','2016-03-22 11:56:12','2016-03-22 11:56:12'),(890,'Чистка регулятора холостого хода','5','2016-03-22 11:56:12','2016-03-22 11:56:12'),(891,'Чистка форсунок','5','2016-03-22 11:56:12','2016-03-22 11:56:12'),(892,'Шлифовка головки блока','5','2016-03-22 11:56:12','2016-03-22 11:56:12'),(893,'Шлифовка коленвала','5','2016-03-22 11:56:12','2016-03-22 11:56:12'),(894,'Шлифовка кольца осевого хождения коленчатого вала','5','2016-03-22 11:56:12','2016-03-22 11:56:12'),(895,'Шприцевание кардана (замена смазки) 1 шт?','5','2016-03-22 11:56:12','2016-03-22 11:56:12'),(896,'2013 Замена блока предохранителей','6','2016-03-22 11:56:12','2016-03-22 11:56:12'),(897,'Балансировка колеса','6','2016-03-22 11:56:12','2016-03-22 11:56:12'),(898,'Бортовка колеса','6','2016-03-22 11:56:12','2016-03-22 11:56:12'),(899,'Диагностика автоэлектрики автомобиля','6','2016-03-22 11:56:13','2016-03-22 11:56:13'),(900,'Диагностика двигателя','6','2016-03-22 11:56:13','2016-03-22 11:56:13'),(901,'Диагностика на вибростенде','6','2016-03-22 11:56:13','2016-03-22 11:56:13'),(902,'Забортовка колеса','6','2016-03-22 11:56:13','2016-03-22 11:56:13'),(903,'Замена амортизаторов (иномарки)','6','2016-03-22 11:56:13','2016-03-22 11:56:13'),(904,'Замена амортизаторов (отечеств)','6','2016-03-22 11:56:13','2016-03-22 11:56:13'),(905,'Замена амортизаторов перед (отечеств)','6','2016-03-22 11:56:13','2016-03-22 11:56:13'),(906,'Замена антифриза','6','2016-03-22 11:56:13','2016-03-22 11:56:13'),(907,'Замена барабана (тормозного)','6','2016-03-22 11:56:13','2016-03-22 11:56:13'),(908,'Замена бачка (расширительного)','6','2016-03-22 11:56:13','2016-03-22 11:56:13'),(909,'Замена блока предохранителей','6','2016-03-22 11:56:13','2016-03-22 11:56:13'),(910,'Замена Вакуумный усилитель','6','2016-03-22 11:56:13','2016-03-22 11:56:13'),(911,'Замена Вал карданный рулевой УАЗ','6','2016-03-22 11:56:14','2016-03-22 11:56:14'),(912,'Замена вентиля','6','2016-03-22 11:56:14','2016-03-22 11:56:14'),(913,'Замена вкладышей (коренных)','6','2016-03-22 11:56:14','2016-03-22 11:56:14'),(914,'Замена вкладышей (шатунных)','6','2016-03-22 11:56:14','2016-03-22 11:56:14'),(915,'Замена втулок задней балки','6','2016-03-22 11:56:14','2016-03-22 11:56:14'),(916,'Замена втулок рессорных','6','2016-03-22 11:56:14','2016-03-22 11:56:14'),(917,'Замена втулок стабилизатора','6','2016-03-22 11:56:14','2016-03-22 11:56:14'),(918,'Замена Втулок стабилизатора УАЗ','6','2016-03-22 11:56:14','2016-03-22 11:56:14'),(919,'Замена генератора','6','2016-03-22 11:56:14','2016-03-22 11:56:14'),(920,'Замена глушителя','6','2016-03-22 11:56:14','2016-03-22 11:56:14'),(921,'Замена гранаты (шрус)','6','2016-03-22 11:56:14','2016-03-22 11:56:14'),(922,'Замена ГРМ (ремни, ролики)','6','2016-03-22 11:56:14','2016-03-22 11:56:14'),(923,'Замена датчика (все остальные)','6','2016-03-22 11:56:14','2016-03-22 11:56:14'),(924,'Замена датчика положения дросельн. заслонки','6','2016-03-22 11:56:14','2016-03-22 11:56:14'),(925,'Замена датчика положения распредвала','6','2016-03-22 11:56:14','2016-03-22 11:56:14'),(926,'Замена датчика холостого хода','6','2016-03-22 11:56:14','2016-03-22 11:56:14'),(927,'Замена дверных ручек','6','2016-03-22 11:56:15','2016-03-22 11:56:15'),(928,'Замена заднего стабилизатора','6','2016-03-22 11:56:15','2016-03-22 11:56:15'),(929,'Замена замка двери','6','2016-03-22 11:56:15','2016-03-22 11:56:15'),(930,'Замена замка зажигания','6','2016-03-22 11:56:15','2016-03-22 11:56:15'),(931,'Замена кардана (заднего) УАЗ','6','2016-03-22 11:56:15','2016-03-22 11:56:15'),(932,'Замена кардана (переднего) УАЗ','6','2016-03-22 11:56:15','2016-03-22 11:56:15'),(933,'Замена катушки зажигания','6','2016-03-22 11:56:15','2016-03-22 11:56:15'),(934,'Замена клаппанов','6','2016-03-22 11:56:15','2016-03-22 11:56:15'),(935,'Замена коллектора (выпускного)','6','2016-03-22 11:56:15','2016-03-22 11:56:15'),(936,'Замена крестовины','6','2016-03-22 11:56:15','2016-03-22 11:56:15'),(937,'Замена крестовины КПП','6','2016-03-22 11:56:15','2016-03-22 11:56:15'),(938,'Замена кронштейна растяжки (краб)','6','2016-03-22 11:56:15','2016-03-22 11:56:15'),(939,'замена масла в мостах','6','2016-03-22 11:56:15','2016-03-22 11:56:15'),(940,'Замена масла в разд. кор.','6','2016-03-22 11:56:15','2016-03-22 11:56:15'),(941,'Замена масла ГУР','6','2016-03-22 11:56:15','2016-03-22 11:56:15'),(942,'Замена масла ДВС','6','2016-03-22 11:56:15','2016-03-22 11:56:15'),(943,'Замена масла КПП','6','2016-03-22 11:56:16','2016-03-22 11:56:16'),(944,'Замена масла трансмисии','6','2016-03-22 11:56:16','2016-03-22 11:56:16'),(945,'Замена мотора отопителя','6','2016-03-22 11:56:16','2016-03-22 11:56:16'),(946,'Замена наконечников рулевых','6','2016-03-22 11:56:16','2016-03-22 11:56:16'),(947,'Замена насоса маслянного','6','2016-03-22 11:56:16','2016-03-22 11:56:16'),(948,'Замена опор стоек (перед)','6','2016-03-22 11:56:16','2016-03-22 11:56:16'),(949,'Замена патрубка системы охлаждения','6','2016-03-22 11:56:16','2016-03-22 11:56:16'),(950,'Замена платы фонаря (задн)','6','2016-03-22 11:56:16','2016-03-22 11:56:16'),(951,'Замена подушки двигателя','6','2016-03-22 11:56:16','2016-03-22 11:56:16'),(952,'Замена подшипника генератора (бол.)','6','2016-03-22 11:56:16','2016-03-22 11:56:16'),(953,'Замена подшипника генератора (мал.)','6','2016-03-22 11:56:17','2016-03-22 11:56:17'),(954,'Замена подшипника ступицы (задн.)','6','2016-03-22 11:56:17','2016-03-22 11:56:17'),(955,'Замена подшипника ступицы (передн.)','6','2016-03-22 11:56:17','2016-03-22 11:56:17'),(956,'Замена полуоси','6','2016-03-22 11:56:17','2016-03-22 11:56:17'),(957,'Замена помпы (водяной насос)','6','2016-03-22 11:56:17','2016-03-22 11:56:17'),(958,'Замена поршневой группы','6','2016-03-22 11:56:17','2016-03-22 11:56:17'),(959,'Замена привода','6','2016-03-22 11:56:17','2016-03-22 11:56:17'),(960,'Замена провода','6','2016-03-22 11:56:17','2016-03-22 11:56:17'),(961,'Замена прокладки глушителя','6','2016-03-22 11:56:17','2016-03-22 11:56:17'),(962,'Замена прокладки смотрового окна штанги','6','2016-03-22 11:56:17','2016-03-22 11:56:17'),(963,'Замена пыльника гранаты (наружной)','6','2016-03-22 11:56:17','2016-03-22 11:56:17'),(964,'Замена радиатора','6','2016-03-22 11:56:17','2016-03-22 11:56:17'),(965,'Замена реактивных тяг','6','2016-03-22 11:56:17','2016-03-22 11:56:17'),(966,'Замена регулятора тормозных сил','6','2016-03-22 11:56:17','2016-03-22 11:56:17'),(967,'Замена резистора печки','6','2016-03-22 11:56:18','2016-03-22 11:56:18'),(968,'Замена резонатора','6','2016-03-22 11:56:18','2016-03-22 11:56:18'),(969,'Замена ремня / НЕ БРАТЬ','6','2016-03-22 11:56:18','2016-03-22 11:56:18'),(970,'Замена ремня генератора','6','2016-03-22 11:56:18','2016-03-22 11:56:18'),(971,'Замена ремня и роликов','6','2016-03-22 11:56:18','2016-03-22 11:56:18'),(972,'Замена ремня ручейкового','6','2016-03-22 11:56:18','2016-03-22 11:56:18'),(973,'Замена реостат переключателя печки','6','2016-03-22 11:56:18','2016-03-22 11:56:18'),(974,'Замена ролика ГРМ (натяжного)','6','2016-03-22 11:56:18','2016-03-22 11:56:18'),(975,'Замена рулевого кардана','6','2016-03-22 11:56:18','2016-03-22 11:56:18'),(976,'Замена рулевой рейки','6','2016-03-22 11:56:18','2016-03-22 11:56:18'),(977,'Замена рулевой трапеции','6','2016-03-22 11:56:18','2016-03-22 11:56:18'),(978,'Замена рулевой тяги','6','2016-03-22 11:56:18','2016-03-22 11:56:18'),(979,'Замена ручки двери','6','2016-03-22 11:56:18','2016-03-22 11:56:18'),(980,'Замена рычага переключения передач','6','2016-03-22 11:56:18','2016-03-22 11:56:18'),(981,'Замена рычага(нижнего)','6','2016-03-22 11:56:18','2016-03-22 11:56:18'),(982,'Замена рычага(нижнего) косточка','6','2016-03-22 11:56:19','2016-03-22 11:56:19'),(983,'Замена сайлентблоков','6','2016-03-22 11:56:19','2016-03-22 11:56:19'),(984,'Замена сайлентблоков (отечеств)','6','2016-03-22 11:56:19','2016-03-22 11:56:19'),(985,'Замена сайлентблоков перед (иномарки)','6','2016-03-22 11:56:19','2016-03-22 11:56:19'),(986,'Замена сайлентблоков продольных тяг','6','2016-03-22 11:56:19','2016-03-22 11:56:19'),(987,'Замена сальника коленвала (переднего)','6','2016-03-22 11:56:19','2016-03-22 11:56:19'),(988,'Замена сальника КПП','6','2016-03-22 11:56:19','2016-03-22 11:56:19'),(989,'Замена сальника полуоси','6','2016-03-22 11:56:19','2016-03-22 11:56:19'),(990,'Замена сальника редуктора заднего моста','6','2016-03-22 11:56:19','2016-03-22 11:56:19'),(991,'Замена сальников клаппанов','6','2016-03-22 11:56:19','2016-03-22 11:56:19'),(992,'Замена свечей зажигания','6','2016-03-22 11:56:19','2016-03-22 11:56:19'),(993,'Замена стартера','6','2016-03-22 11:56:19','2016-03-22 11:56:19'),(994,'Замена стекла лобового','6','2016-03-22 11:56:19','2016-03-22 11:56:19'),(995,'Замена стоек стабилизатора (линьки)','6','2016-03-22 11:56:19','2016-03-22 11:56:19'),(996,'Замена ступицы (в сборе)','6','2016-03-22 11:56:19','2016-03-22 11:56:19'),(997,'Замена сцепления','6','2016-03-22 11:56:19','2016-03-22 11:56:19'),(998,'Замена термостата','6','2016-03-22 11:56:20','2016-03-22 11:56:20'),(999,'Замена тормозного суппорта','6','2016-03-22 11:56:20','2016-03-22 11:56:20'),(1000,'Замена тормозной жидкости','6','2016-03-22 11:56:20','2016-03-22 11:56:20'),(1001,'Замена тормозных дисков','6','2016-03-22 11:56:20','2016-03-22 11:56:20'),(1002,'Замена тормозных колодок(дисковые)','6','2016-03-22 11:56:20','2016-03-22 11:56:20'),(1003,'Замена тормозных колодок(задних)','6','2016-03-22 11:56:20','2016-03-22 11:56:20'),(1004,'Замена тормозных колодок(пердних)','6','2016-03-22 11:56:20','2016-03-22 11:56:20'),(1005,'Замена тосола','6','2016-03-22 11:56:20','2016-03-22 11:56:20'),(1006,'Замена траверса КПП','6','2016-03-22 11:56:20','2016-03-22 11:56:20'),(1007,'Замена тросов ручного тормоза','6','2016-03-22 11:56:20','2016-03-22 11:56:20'),(1008,'Замена тяги в сборе (поперечная) УАЗ','6','2016-03-22 11:56:20','2016-03-22 11:56:20'),(1009,'Замена фильтра (воздушного)','6','2016-03-22 11:56:20','2016-03-22 11:56:20'),(1010,'Замена фильтра (салон)','6','2016-03-22 11:56:20','2016-03-22 11:56:20'),(1011,'Замена фильтра (тон.очистки)','6','2016-03-22 11:56:20','2016-03-22 11:56:20'),(1012,'Замена фильтра (топливного)','6','2016-03-22 11:56:20','2016-03-22 11:56:20'),(1013,'Замена фильтра АКПП','6','2016-03-22 11:56:20','2016-03-22 11:56:20'),(1014,'Замена фильтров','6','2016-03-22 11:56:21','2016-03-22 11:56:21'),(1015,'Замена форсунок','6','2016-03-22 11:56:21','2016-03-22 11:56:21'),(1016,'Замена цилиндра сцепления (главный)','6','2016-03-22 11:56:21','2016-03-22 11:56:21'),(1017,'Замена цилиндра сцепления (рабочий)','6','2016-03-22 11:56:21','2016-03-22 11:56:21'),(1018,'Замена цилиндра тормозного (главного)','6','2016-03-22 11:56:21','2016-03-22 11:56:21'),(1019,'Замена цилиндра тормозного (заднего)','6','2016-03-22 11:56:21','2016-03-22 11:56:21'),(1020,'Замена шаровой опоры','6','2016-03-22 11:56:21','2016-03-22 11:56:21'),(1021,'Замена шестерни зажигания (ведущей)','6','2016-03-22 11:56:21','2016-03-22 11:56:21'),(1022,'Замена шестерни распредвала','6','2016-03-22 11:56:21','2016-03-22 11:56:21'),(1023,'Замена шкворней','6','2016-03-22 11:56:21','2016-03-22 11:56:21'),(1024,'Замена шланга топливного','6','2016-03-22 11:56:21','2016-03-22 11:56:21'),(1025,'Замена шланга тормозного','6','2016-03-22 11:56:21','2016-03-22 11:56:21'),(1026,'Заправка кондиционера','6','2016-03-22 11:56:21','2016-03-22 11:56:21'),(1027,'Мойка автомобиля','6','2016-03-22 11:56:21','2016-03-22 11:56:21'),(1028,'Мойка блока двигателя','6','2016-03-22 11:56:21','2016-03-22 11:56:21'),(1029,'Мойка головки двигателя','6','2016-03-22 11:56:21','2016-03-22 11:56:21'),(1030,'Мойка колеса','6','2016-03-22 11:56:22','2016-03-22 11:56:22'),(1031,'Набивка коленвала','6','2016-03-22 11:56:22','2016-03-22 11:56:22'),(1032,'Осмотр ходовой','6','2016-03-22 11:56:22','2016-03-22 11:56:22'),(1033,'Перебортовка колеса','6','2016-03-22 11:56:22','2016-03-22 11:56:22'),(1034,'Подкачка колеса','6','2016-03-22 11:56:22','2016-03-22 11:56:22'),(1035,'Правка диска колеса','6','2016-03-22 11:56:22','2016-03-22 11:56:22'),(1036,'Притирка клаппанов','6','2016-03-22 11:56:22','2016-03-22 11:56:22'),(1037,'Проверка клаппанов','6','2016-03-22 11:56:22','2016-03-22 11:56:22'),(1038,'Промазка колеса','6','2016-03-22 11:56:22','2016-03-22 11:56:22'),(1039,'Промазка колеса герметиком','6','2016-03-22 11:56:22','2016-03-22 11:56:22'),(1040,'Разборка/Сборка ДВС','6','2016-03-22 11:56:22','2016-03-22 11:56:22'),(1041,'Разбортовка колеса','6','2016-03-22 11:56:22','2016-03-22 11:56:22'),(1042,'Развал-схождения','6','2016-03-22 11:56:22','2016-03-22 11:56:22'),(1043,'Райбирование направляющих клаппанов','6','2016-03-22 11:56:22','2016-03-22 11:56:22'),(1044,'Регулеровка ручного тормоза','6','2016-03-22 11:56:22','2016-03-22 11:56:22'),(1045,'Регулировка','6','2016-03-22 11:56:22','2016-03-22 11:56:22'),(1046,'Регулировка клапанов (в диагностике)','6','2016-03-22 11:56:22','2016-03-22 11:56:22'),(1047,'Регулировка рулевой рейки','6','2016-03-22 11:56:23','2016-03-22 11:56:23'),(1048,'Ремонт блока предохранителей','6','2016-03-22 11:56:23','2016-03-22 11:56:23'),(1049,'Ремонт генератора','6','2016-03-22 11:56:23','2016-03-22 11:56:23'),(1050,'Ремонт головки блока','6','2016-03-22 11:56:23','2016-03-22 11:56:23'),(1051,'Ремонт замка (центрального)','6','2016-03-22 11:56:23','2016-03-22 11:56:23'),(1052,'Ремонт камеры','6','2016-03-22 11:56:23','2016-03-22 11:56:23'),(1053,'Ремонт кронштейна крепления рулевой рейки','6','2016-03-22 11:56:23','2016-03-22 11:56:23'),(1054,'Ремонт МКПП (коробки передач)','6','2016-03-22 11:56:23','2016-03-22 11:56:23'),(1055,'Ремонт стеклоподъемника','6','2016-03-22 11:56:23','2016-03-22 11:56:23'),(1056,'Ремонт шины','6','2016-03-22 11:56:23','2016-03-22 11:56:23'),(1057,'Ремонт шины грибком','6','2016-03-22 11:56:23','2016-03-22 11:56:23'),(1058,'Ремонт шины пластырем R-19','6','2016-03-22 11:56:23','2016-03-22 11:56:23'),(1059,'Ремонт электропроводки','6','2016-03-22 11:56:23','2016-03-22 11:56:23'),(1060,'Сварка защиты картера','6','2016-03-22 11:56:23','2016-03-22 11:56:23'),(1061,'Снятие/Установка головки блока','6','2016-03-22 11:56:23','2016-03-22 11:56:23'),(1062,'Снятие/Установка ДВС','6','2016-03-22 11:56:24','2016-03-22 11:56:24'),(1063,'Снятие/Установка колеса','6','2016-03-22 11:56:24','2016-03-22 11:56:24'),(1064,'Срез болтов','6','2016-03-22 11:56:24','2016-03-22 11:56:24'),(1065,'Установка пластырей','6','2016-03-22 11:56:24','2016-03-22 11:56:24'),(1066,'Установка руля','6','2016-03-22 11:56:24','2016-03-22 11:56:24'),(1067,'Чистка диска','6','2016-03-22 11:56:24','2016-03-22 11:56:24'),(1068,'Чистка инжектора','6','2016-03-22 11:56:24','2016-03-22 11:56:24'),(1069,'Чистка регулятора холостого хода','6','2016-03-22 11:56:24','2016-03-22 11:56:24'),(1070,'Чистка форсунок','6','2016-03-22 11:56:24','2016-03-22 11:56:24'),(1071,'Шлифовка головки блока','6','2016-03-22 11:56:24','2016-03-22 11:56:24'),(1072,'Шлифовка коленвала','6','2016-03-22 11:56:24','2016-03-22 11:56:24'),(1073,'Шлифовка кольца осевого хождения коленчатого вала','6','2016-03-22 11:56:24','2016-03-22 11:56:24'),(1074,'Шприцевание кардана (замена смазки) 1 шт?','6','2016-03-22 11:56:24','2016-03-22 11:56:24'),(1075,'2013 Замена блока предохранителей','7','2016-03-22 11:56:25','2016-03-22 11:56:25'),(1076,'Балансировка колеса','7','2016-03-22 11:56:25','2016-03-22 11:56:25'),(1077,'Бортовка колеса','7','2016-03-22 11:56:25','2016-03-22 11:56:25'),(1078,'Диагностика автоэлектрики автомобиля','7','2016-03-22 11:56:25','2016-03-22 11:56:25'),(1079,'Диагностика двигателя','7','2016-03-22 11:56:25','2016-03-22 11:56:25'),(1080,'Диагностика на вибростенде','7','2016-03-22 11:56:25','2016-03-22 11:56:25'),(1081,'Забортовка колеса','7','2016-03-22 11:56:25','2016-03-22 11:56:25'),(1082,'Замена амортизаторов (иномарки)','7','2016-03-22 11:56:25','2016-03-22 11:56:25'),(1083,'Замена амортизаторов (отечеств)','7','2016-03-22 11:56:25','2016-03-22 11:56:25'),(1084,'Замена амортизаторов перед (отечеств)','7','2016-03-22 11:56:25','2016-03-22 11:56:25'),(1085,'Замена антифриза','7','2016-03-22 11:56:25','2016-03-22 11:56:25'),(1086,'Замена барабана (тормозного)','7','2016-03-22 11:56:25','2016-03-22 11:56:25'),(1087,'Замена бачка (расширительного)','7','2016-03-22 11:56:25','2016-03-22 11:56:25'),(1088,'Замена блока предохранителей','7','2016-03-22 11:56:25','2016-03-22 11:56:25'),(1089,'Замена Вакуумный усилитель','7','2016-03-22 11:56:25','2016-03-22 11:56:25'),(1090,'Замена Вал карданный рулевой УАЗ','7','2016-03-22 11:56:25','2016-03-22 11:56:25'),(1091,'Замена вентиля','7','2016-03-22 11:56:26','2016-03-22 11:56:26'),(1092,'Замена вкладышей (коренных)','7','2016-03-22 11:56:26','2016-03-22 11:56:26'),(1093,'Замена вкладышей (шатунных)','7','2016-03-22 11:56:26','2016-03-22 11:56:26'),(1094,'Замена втулок задней балки','7','2016-03-22 11:56:26','2016-03-22 11:56:26'),(1095,'Замена втулок рессорных','7','2016-03-22 11:56:26','2016-03-22 11:56:26'),(1096,'Замена втулок стабилизатора','7','2016-03-22 11:56:26','2016-03-22 11:56:26'),(1097,'Замена Втулок стабилизатора УАЗ','7','2016-03-22 11:56:26','2016-03-22 11:56:26'),(1098,'Замена генератора','7','2016-03-22 11:56:26','2016-03-22 11:56:26'),(1099,'Замена глушителя','7','2016-03-22 11:56:26','2016-03-22 11:56:26'),(1100,'Замена гранаты (шрус)','7','2016-03-22 11:56:26','2016-03-22 11:56:26'),(1101,'Замена ГРМ (ремни, ролики)','7','2016-03-22 11:56:26','2016-03-22 11:56:26'),(1102,'Замена датчика (все остальные)','7','2016-03-22 11:56:26','2016-03-22 11:56:26'),(1103,'Замена датчика положения дросельн. заслонки','7','2016-03-22 11:56:26','2016-03-22 11:56:26'),(1104,'Замена датчика положения распредвала','7','2016-03-22 11:56:26','2016-03-22 11:56:26'),(1105,'Замена датчика холостого хода','7','2016-03-22 11:56:26','2016-03-22 11:56:26'),(1106,'Замена дверных ручек','7','2016-03-22 11:56:27','2016-03-22 11:56:27'),(1107,'Замена заднего стабилизатора','7','2016-03-22 11:56:27','2016-03-22 11:56:27'),(1108,'Замена замка двери','7','2016-03-22 11:56:27','2016-03-22 11:56:27'),(1109,'Замена замка зажигания','7','2016-03-22 11:56:27','2016-03-22 11:56:27'),(1110,'Замена кардана (заднего) УАЗ','7','2016-03-22 11:56:27','2016-03-22 11:56:27'),(1111,'Замена кардана (переднего) УАЗ','7','2016-03-22 11:56:27','2016-03-22 11:56:27'),(1112,'Замена катушки зажигания','7','2016-03-22 11:56:27','2016-03-22 11:56:27'),(1113,'Замена клаппанов','7','2016-03-22 11:56:27','2016-03-22 11:56:27'),(1114,'Замена коллектора (выпускного)','7','2016-03-22 11:56:27','2016-03-22 11:56:27'),(1115,'Замена крестовины','7','2016-03-22 11:56:27','2016-03-22 11:56:27'),(1116,'Замена крестовины КПП','7','2016-03-22 11:56:27','2016-03-22 11:56:27'),(1117,'Замена кронштейна растяжки (краб)','7','2016-03-22 11:56:27','2016-03-22 11:56:27'),(1118,'замена масла в мостах','7','2016-03-22 11:56:28','2016-03-22 11:56:28'),(1119,'Замена масла в разд. кор.','7','2016-03-22 11:56:28','2016-03-22 11:56:28'),(1120,'Замена масла ГУР','7','2016-03-22 11:56:28','2016-03-22 11:56:28'),(1121,'Замена масла ДВС','7','2016-03-22 11:56:28','2016-03-22 11:56:28'),(1122,'Замена масла КПП','7','2016-03-22 11:56:28','2016-03-22 11:56:28'),(1123,'Замена масла трансмисии','7','2016-03-22 11:56:28','2016-03-22 11:56:28'),(1124,'Замена мотора отопителя','7','2016-03-22 11:56:28','2016-03-22 11:56:28'),(1125,'Замена наконечников рулевых','7','2016-03-22 11:56:28','2016-03-22 11:56:28'),(1126,'Замена насоса маслянного','7','2016-03-22 11:56:28','2016-03-22 11:56:28'),(1127,'Замена опор стоек (перед)','7','2016-03-22 11:56:28','2016-03-22 11:56:28'),(1128,'Замена патрубка системы охлаждения','7','2016-03-22 11:56:28','2016-03-22 11:56:28'),(1129,'Замена платы фонаря (задн)','7','2016-03-22 11:56:28','2016-03-22 11:56:28'),(1130,'Замена подушки двигателя','7','2016-03-22 11:56:29','2016-03-22 11:56:29'),(1131,'Замена подшипника генератора (бол.)','7','2016-03-22 11:56:29','2016-03-22 11:56:29'),(1132,'Замена подшипника генератора (мал.)','7','2016-03-22 11:56:29','2016-03-22 11:56:29'),(1133,'Замена подшипника ступицы (задн.)','7','2016-03-22 11:56:29','2016-03-22 11:56:29'),(1134,'Замена подшипника ступицы (передн.)','7','2016-03-22 11:56:29','2016-03-22 11:56:29'),(1135,'Замена полуоси','7','2016-03-22 11:56:29','2016-03-22 11:56:29'),(1136,'Замена помпы (водяной насос)','7','2016-03-22 11:56:29','2016-03-22 11:56:29'),(1137,'Замена поршневой группы','7','2016-03-22 11:56:29','2016-03-22 11:56:29'),(1138,'Замена привода','7','2016-03-22 11:56:29','2016-03-22 11:56:29'),(1139,'Замена провода','7','2016-03-22 11:56:29','2016-03-22 11:56:29'),(1140,'Замена прокладки глушителя','7','2016-03-22 11:56:29','2016-03-22 11:56:29'),(1141,'Замена прокладки смотрового окна штанги','7','2016-03-22 11:56:29','2016-03-22 11:56:29'),(1142,'Замена пыльника гранаты (наружной)','7','2016-03-22 11:56:29','2016-03-22 11:56:29'),(1143,'Замена радиатора','7','2016-03-22 11:56:29','2016-03-22 11:56:29'),(1144,'Замена реактивных тяг','7','2016-03-22 11:56:29','2016-03-22 11:56:29'),(1145,'Замена регулятора тормозных сил','7','2016-03-22 11:56:29','2016-03-22 11:56:29'),(1146,'Замена резистора печки','7','2016-03-22 11:56:30','2016-03-22 11:56:30'),(1147,'Замена резонатора','7','2016-03-22 11:56:30','2016-03-22 11:56:30'),(1148,'Замена ремня / НЕ БРАТЬ','7','2016-03-22 11:56:30','2016-03-22 11:56:30'),(1149,'Замена ремня генератора','7','2016-03-22 11:56:30','2016-03-22 11:56:30'),(1150,'Замена ремня и роликов','7','2016-03-22 11:56:30','2016-03-22 11:56:30'),(1151,'Замена ремня ручейкового','7','2016-03-22 11:56:30','2016-03-22 11:56:30'),(1152,'Замена реостат переключателя печки','7','2016-03-22 11:56:30','2016-03-22 11:56:30'),(1153,'Замена ролика ГРМ (натяжного)','7','2016-03-22 11:56:30','2016-03-22 11:56:30'),(1154,'Замена рулевого кардана','7','2016-03-22 11:56:30','2016-03-22 11:56:30'),(1155,'Замена рулевой рейки','7','2016-03-22 11:56:30','2016-03-22 11:56:30'),(1156,'Замена рулевой трапеции','7','2016-03-22 11:56:30','2016-03-22 11:56:30'),(1157,'Замена рулевой тяги','7','2016-03-22 11:56:30','2016-03-22 11:56:30'),(1158,'Замена ручки двери','7','2016-03-22 11:56:30','2016-03-22 11:56:30'),(1159,'Замена рычага переключения передач','7','2016-03-22 11:56:30','2016-03-22 11:56:30'),(1160,'Замена рычага(нижнего)','7','2016-03-22 11:56:30','2016-03-22 11:56:30'),(1161,'Замена рычага(нижнего) косточка','7','2016-03-22 11:56:31','2016-03-22 11:56:31'),(1162,'Замена сайлентблоков','7','2016-03-22 11:56:31','2016-03-22 11:56:31'),(1163,'Замена сайлентблоков (отечеств)','7','2016-03-22 11:56:31','2016-03-22 11:56:31'),(1164,'Замена сайлентблоков перед (иномарки)','7','2016-03-22 11:56:31','2016-03-22 11:56:31'),(1165,'Замена сайлентблоков продольных тяг','7','2016-03-22 11:56:31','2016-03-22 11:56:31'),(1166,'Замена сальника коленвала (переднего)','7','2016-03-22 11:56:31','2016-03-22 11:56:31'),(1167,'Замена сальника КПП','7','2016-03-22 11:56:31','2016-03-22 11:56:31'),(1168,'Замена сальника полуоси','7','2016-03-22 11:56:31','2016-03-22 11:56:31'),(1169,'Замена сальника редуктора заднего моста','7','2016-03-22 11:56:31','2016-03-22 11:56:31'),(1170,'Замена сальников клаппанов','7','2016-03-22 11:56:31','2016-03-22 11:56:31'),(1171,'Замена свечей зажигания','7','2016-03-22 11:56:31','2016-03-22 11:56:31'),(1172,'Замена стартера','7','2016-03-22 11:56:31','2016-03-22 11:56:31'),(1173,'Замена стекла лобового','7','2016-03-22 11:56:31','2016-03-22 11:56:31'),(1174,'Замена стоек стабилизатора (линьки)','7','2016-03-22 11:56:31','2016-03-22 11:56:31'),(1175,'Замена ступицы (в сборе)','7','2016-03-22 11:56:31','2016-03-22 11:56:31'),(1176,'Замена сцепления','7','2016-03-22 11:56:32','2016-03-22 11:56:32'),(1177,'Замена термостата','7','2016-03-22 11:56:32','2016-03-22 11:56:32'),(1178,'Замена тормозного суппорта','7','2016-03-22 11:56:32','2016-03-22 11:56:32'),(1179,'Замена тормозной жидкости','7','2016-03-22 11:56:32','2016-03-22 11:56:32'),(1180,'Замена тормозных дисков','7','2016-03-22 11:56:32','2016-03-22 11:56:32'),(1181,'Замена тормозных колодок(дисковые)','7','2016-03-22 11:56:32','2016-03-22 11:56:32'),(1182,'Замена тормозных колодок(задних)','7','2016-03-22 11:56:32','2016-03-22 11:56:32'),(1183,'Замена тормозных колодок(пердних)','7','2016-03-22 11:56:32','2016-03-22 11:56:32'),(1184,'Замена тосола','7','2016-03-22 11:56:32','2016-03-22 11:56:32'),(1185,'Замена траверса КПП','7','2016-03-22 11:56:32','2016-03-22 11:56:32'),(1186,'Замена тросов ручного тормоза','7','2016-03-22 11:56:32','2016-03-22 11:56:32'),(1187,'Замена тяги в сборе (поперечная) УАЗ','7','2016-03-22 11:56:32','2016-03-22 11:56:32'),(1188,'Замена фильтра (воздушного)','7','2016-03-22 11:56:32','2016-03-22 11:56:32'),(1189,'Замена фильтра (салон)','7','2016-03-22 11:56:33','2016-03-22 11:56:33'),(1190,'Замена фильтра (тон.очистки)','7','2016-03-22 11:56:33','2016-03-22 11:56:33'),(1191,'Замена фильтра (топливного)','7','2016-03-22 11:56:33','2016-03-22 11:56:33'),(1192,'Замена фильтра АКПП','7','2016-03-22 11:56:33','2016-03-22 11:56:33'),(1193,'Замена фильтров','7','2016-03-22 11:56:33','2016-03-22 11:56:33'),(1194,'Замена форсунок','7','2016-03-22 11:56:33','2016-03-22 11:56:33'),(1195,'Замена цилиндра сцепления (главный)','7','2016-03-22 11:56:33','2016-03-22 11:56:33'),(1196,'Замена цилиндра сцепления (рабочий)','7','2016-03-22 11:56:33','2016-03-22 11:56:33'),(1197,'Замена цилиндра тормозного (главного)','7','2016-03-22 11:56:33','2016-03-22 11:56:33'),(1198,'Замена цилиндра тормозного (заднего)','7','2016-03-22 11:56:33','2016-03-22 11:56:33'),(1199,'Замена шаровой опоры','7','2016-03-22 11:56:33','2016-03-22 11:56:33'),(1200,'Замена шестерни зажигания (ведущей)','7','2016-03-22 11:56:33','2016-03-22 11:56:33'),(1201,'Замена шестерни распредвала','7','2016-03-22 11:56:33','2016-03-22 11:56:33'),(1202,'Замена шкворней','7','2016-03-22 11:56:33','2016-03-22 11:56:33'),(1203,'Замена шланга топливного','7','2016-03-22 11:56:33','2016-03-22 11:56:33'),(1204,'Замена шланга тормозного','7','2016-03-22 11:56:33','2016-03-22 11:56:33'),(1205,'Заправка кондиционера','7','2016-03-22 11:56:34','2016-03-22 11:56:34'),(1206,'Мойка автомобиля','7','2016-03-22 11:56:34','2016-03-22 11:56:34'),(1207,'Мойка блока двигателя','7','2016-03-22 11:56:34','2016-03-22 11:56:34'),(1208,'Мойка головки двигателя','7','2016-03-22 11:56:34','2016-03-22 11:56:34'),(1209,'Мойка колеса','7','2016-03-22 11:56:34','2016-03-22 11:56:34'),(1210,'Набивка коленвала','7','2016-03-22 11:56:34','2016-03-22 11:56:34'),(1211,'Осмотр ходовой','7','2016-03-22 11:56:34','2016-03-22 11:56:34'),(1212,'Перебортовка колеса','7','2016-03-22 11:56:34','2016-03-22 11:56:34'),(1213,'Подкачка колеса','7','2016-03-22 11:56:34','2016-03-22 11:56:34'),(1214,'Правка диска колеса','7','2016-03-22 11:56:34','2016-03-22 11:56:34'),(1215,'Притирка клаппанов','7','2016-03-22 11:56:34','2016-03-22 11:56:34'),(1216,'Проверка клаппанов','7','2016-03-22 11:56:34','2016-03-22 11:56:34'),(1217,'Промазка колеса','7','2016-03-22 11:56:34','2016-03-22 11:56:34'),(1218,'Промазка колеса герметиком','7','2016-03-22 11:56:34','2016-03-22 11:56:34'),(1219,'Разборка/Сборка ДВС','7','2016-03-22 11:56:34','2016-03-22 11:56:34'),(1220,'Разбортовка колеса','7','2016-03-22 11:56:34','2016-03-22 11:56:34'),(1221,'Развал-схождения','7','2016-03-22 11:56:35','2016-03-22 11:56:35'),(1222,'Райбирование направляющих клаппанов','7','2016-03-22 11:56:35','2016-03-22 11:56:35'),(1223,'Регулеровка ручного тормоза','7','2016-03-22 11:56:35','2016-03-22 11:56:35'),(1224,'Регулировка','7','2016-03-22 11:56:35','2016-03-22 11:56:35'),(1225,'Регулировка клапанов (в диагностике)','7','2016-03-22 11:56:35','2016-03-22 11:56:35'),(1226,'Регулировка рулевой рейки','7','2016-03-22 11:56:35','2016-03-22 11:56:35'),(1227,'Ремонт блока предохранителей','7','2016-03-22 11:56:35','2016-03-22 11:56:35'),(1228,'Ремонт генератора','7','2016-03-22 11:56:35','2016-03-22 11:56:35'),(1229,'Ремонт головки блока','7','2016-03-22 11:56:35','2016-03-22 11:56:35'),(1230,'Ремонт замка (центрального)','7','2016-03-22 11:56:35','2016-03-22 11:56:35'),(1231,'Ремонт камеры','7','2016-03-22 11:56:35','2016-03-22 11:56:35'),(1232,'Ремонт кронштейна крепления рулевой рейки','7','2016-03-22 11:56:35','2016-03-22 11:56:35'),(1233,'Ремонт МКПП (коробки передач)','7','2016-03-22 11:56:35','2016-03-22 11:56:35'),(1234,'Ремонт стеклоподъемника','7','2016-03-22 11:56:35','2016-03-22 11:56:35'),(1235,'Ремонт шины','7','2016-03-22 11:56:35','2016-03-22 11:56:35'),(1236,'Ремонт шины грибком','7','2016-03-22 11:56:36','2016-03-22 11:56:36'),(1237,'Ремонт шины пластырем R-19','7','2016-03-22 11:56:36','2016-03-22 11:56:36'),(1238,'Ремонт электропроводки','7','2016-03-22 11:56:36','2016-03-22 11:56:36'),(1239,'Сварка защиты картера','7','2016-03-22 11:56:36','2016-03-22 11:56:36'),(1240,'Снятие/Установка головки блока','7','2016-03-22 11:56:36','2016-03-22 11:56:36'),(1241,'Снятие/Установка ДВС','7','2016-03-22 11:56:36','2016-03-22 11:56:36'),(1242,'Снятие/Установка колеса','7','2016-03-22 11:56:36','2016-03-22 11:56:36'),(1243,'Срез болтов','7','2016-03-22 11:56:36','2016-03-22 11:56:36'),(1244,'Установка пластырей','7','2016-03-22 11:56:36','2016-03-22 11:56:36'),(1245,'Установка руля','7','2016-03-22 11:56:36','2016-03-22 11:56:36'),(1246,'Чистка диска','7','2016-03-22 11:56:36','2016-03-22 11:56:36'),(1247,'Чистка инжектора','7','2016-03-22 11:56:36','2016-03-22 11:56:36'),(1248,'Чистка регулятора холостого хода','7','2016-03-22 11:56:36','2016-03-22 11:56:36'),(1249,'Чистка форсунок','7','2016-03-22 11:56:36','2016-03-22 11:56:36'),(1250,'Шлифовка головки блока','7','2016-03-22 11:56:36','2016-03-22 11:56:36'),(1251,'Шлифовка коленвала','7','2016-03-22 11:56:36','2016-03-22 11:56:36'),(1252,'Шлифовка кольца осевого хождения коленчатого вала','7','2016-03-22 11:56:36','2016-03-22 11:56:36'),(1253,'Шприцевание кардана (замена смазки) 1 шт?','7','2016-03-22 11:56:37','2016-03-22 11:56:37'),(1254,'2013 Замена блока предохранителей','8','2016-03-22 11:56:37','2016-03-22 11:56:37'),(1255,'Балансировка колеса','8','2016-03-22 11:56:37','2016-03-22 11:56:37'),(1256,'Бортовка колеса','8','2016-03-22 11:56:37','2016-03-22 11:56:37'),(1257,'Диагностика автоэлектрики автомобиля','8','2016-03-22 11:56:37','2016-03-22 11:56:37'),(1258,'Диагностика двигателя','8','2016-03-22 11:56:37','2016-03-22 11:56:37'),(1259,'Диагностика на вибростенде','8','2016-03-22 11:56:37','2016-03-22 11:56:37'),(1260,'Забортовка колеса','8','2016-03-22 11:56:37','2016-03-22 11:56:37'),(1261,'Замена амортизаторов (иномарки)','8','2016-03-22 11:56:37','2016-03-22 11:56:37'),(1262,'Замена амортизаторов (отечеств)','8','2016-03-22 11:56:37','2016-03-22 11:56:37'),(1263,'Замена амортизаторов перед (отечеств)','8','2016-03-22 11:56:37','2016-03-22 11:56:37'),(1264,'Замена антифриза','8','2016-03-22 11:56:37','2016-03-22 11:56:37'),(1265,'Замена барабана (тормозного)','8','2016-03-22 11:56:37','2016-03-22 11:56:37'),(1266,'Замена бачка (расширительного)','8','2016-03-22 11:56:37','2016-03-22 11:56:37'),(1267,'Замена блока предохранителей','8','2016-03-22 11:56:38','2016-03-22 11:56:38'),(1268,'Замена Вакуумный усилитель','8','2016-03-22 11:56:38','2016-03-22 11:56:38'),(1269,'Замена Вал карданный рулевой УАЗ','8','2016-03-22 11:56:38','2016-03-22 11:56:38'),(1270,'Замена вентиля','8','2016-03-22 11:56:38','2016-03-22 11:56:38'),(1271,'Замена вкладышей (коренных)','8','2016-03-22 11:56:38','2016-03-22 11:56:38'),(1272,'Замена вкладышей (шатунных)','8','2016-03-22 11:56:38','2016-03-22 11:56:38'),(1273,'Замена втулок задней балки','8','2016-03-22 11:56:38','2016-03-22 11:56:38'),(1274,'Замена втулок рессорных','8','2016-03-22 11:56:38','2016-03-22 11:56:38'),(1275,'Замена втулок стабилизатора','8','2016-03-22 11:56:38','2016-03-22 11:56:38'),(1276,'Замена Втулок стабилизатора УАЗ','8','2016-03-22 11:56:38','2016-03-22 11:56:38'),(1277,'Замена генератора','8','2016-03-22 11:56:38','2016-03-22 11:56:38'),(1278,'Замена глушителя','8','2016-03-22 11:56:38','2016-03-22 11:56:38'),(1279,'Замена гранаты (шрус)','8','2016-03-22 11:56:39','2016-03-22 11:56:39'),(1280,'Замена ГРМ (ремни, ролики)','8','2016-03-22 11:56:39','2016-03-22 11:56:39'),(1281,'Замена датчика (все остальные)','8','2016-03-22 11:56:39','2016-03-22 11:56:39'),(1282,'Замена датчика положения дросельн. заслонки','8','2016-03-22 11:56:39','2016-03-22 11:56:39'),(1283,'Замена датчика положения распредвала','8','2016-03-22 11:56:39','2016-03-22 11:56:39'),(1284,'Замена датчика холостого хода','8','2016-03-22 11:56:39','2016-03-22 11:56:39'),(1285,'Замена дверных ручек','8','2016-03-22 11:56:39','2016-03-22 11:56:39'),(1286,'Замена заднего стабилизатора','8','2016-03-22 11:56:39','2016-03-22 11:56:39'),(1287,'Замена замка двери','8','2016-03-22 11:56:39','2016-03-22 11:56:39'),(1288,'Замена замка зажигания','8','2016-03-22 11:56:39','2016-03-22 11:56:39'),(1289,'Замена кардана (заднего) УАЗ','8','2016-03-22 11:56:39','2016-03-22 11:56:39'),(1290,'Замена кардана (переднего) УАЗ','8','2016-03-22 11:56:39','2016-03-22 11:56:39'),(1291,'Замена катушки зажигания','8','2016-03-22 11:56:39','2016-03-22 11:56:39'),(1292,'Замена клаппанов','8','2016-03-22 11:56:40','2016-03-22 11:56:40'),(1293,'Замена коллектора (выпускного)','8','2016-03-22 11:56:40','2016-03-22 11:56:40'),(1294,'Замена крестовины','8','2016-03-22 11:56:40','2016-03-22 11:56:40'),(1295,'Замена крестовины КПП','8','2016-03-22 11:56:40','2016-03-22 11:56:40'),(1296,'Замена кронштейна растяжки (краб)','8','2016-03-22 11:56:40','2016-03-22 11:56:40'),(1297,'замена масла в мостах','8','2016-03-22 11:56:40','2016-03-22 11:56:40'),(1298,'Замена масла в разд. кор.','8','2016-03-22 11:56:40','2016-03-22 11:56:40'),(1299,'Замена масла ГУР','8','2016-03-22 11:56:40','2016-03-22 11:56:40'),(1300,'Замена масла ДВС','8','2016-03-22 11:56:40','2016-03-22 11:56:40'),(1301,'Замена масла КПП','8','2016-03-22 11:56:40','2016-03-22 11:56:40'),(1302,'Замена масла трансмисии','8','2016-03-22 11:56:40','2016-03-22 11:56:40'),(1303,'Замена мотора отопителя','8','2016-03-22 11:56:40','2016-03-22 11:56:40'),(1304,'Замена наконечников рулевых','8','2016-03-22 11:56:40','2016-03-22 11:56:40'),(1305,'Замена насоса маслянного','8','2016-03-22 11:56:40','2016-03-22 11:56:40'),(1306,'Замена опор стоек (перед)','8','2016-03-22 11:56:40','2016-03-22 11:56:40'),(1307,'Замена патрубка системы охлаждения','8','2016-03-22 11:56:41','2016-03-22 11:56:41'),(1308,'Замена платы фонаря (задн)','8','2016-03-22 11:56:41','2016-03-22 11:56:41'),(1309,'Замена подушки двигателя','8','2016-03-22 11:56:41','2016-03-22 11:56:41'),(1310,'Замена подшипника генератора (бол.)','8','2016-03-22 11:56:41','2016-03-22 11:56:41'),(1311,'Замена подшипника генератора (мал.)','8','2016-03-22 11:56:41','2016-03-22 11:56:41'),(1312,'Замена подшипника ступицы (задн.)','8','2016-03-22 11:56:41','2016-03-22 11:56:41'),(1313,'Замена подшипника ступицы (передн.)','8','2016-03-22 11:56:41','2016-03-22 11:56:41'),(1314,'Замена полуоси','8','2016-03-22 11:56:41','2016-03-22 11:56:41'),(1315,'Замена помпы (водяной насос)','8','2016-03-22 11:56:41','2016-03-22 11:56:41'),(1316,'Замена поршневой группы','8','2016-03-22 11:56:41','2016-03-22 11:56:41'),(1317,'Замена привода','8','2016-03-22 11:56:41','2016-03-22 11:56:41'),(1318,'Замена провода','8','2016-03-22 11:56:41','2016-03-22 11:56:41'),(1319,'Замена прокладки глушителя','8','2016-03-22 11:56:41','2016-03-22 11:56:41'),(1320,'Замена прокладки смотрового окна штанги','8','2016-03-22 11:56:41','2016-03-22 11:56:41'),(1321,'Замена пыльника гранаты (наружной)','8','2016-03-22 11:56:42','2016-03-22 11:56:42'),(1322,'Замена радиатора','8','2016-03-22 11:56:42','2016-03-22 11:56:42'),(1323,'Замена реактивных тяг','8','2016-03-22 11:56:42','2016-03-22 11:56:42'),(1324,'Замена регулятора тормозных сил','8','2016-03-22 11:56:42','2016-03-22 11:56:42'),(1325,'Замена резистора печки','8','2016-03-22 11:56:42','2016-03-22 11:56:42'),(1326,'Замена резонатора','8','2016-03-22 11:56:42','2016-03-22 11:56:42'),(1327,'Замена ремня / НЕ БРАТЬ','8','2016-03-22 11:56:42','2016-03-22 11:56:42'),(1328,'Замена ремня генератора','8','2016-03-22 11:56:42','2016-03-22 11:56:42'),(1329,'Замена ремня и роликов','8','2016-03-22 11:56:42','2016-03-22 11:56:42'),(1330,'Замена ремня ручейкового','8','2016-03-22 11:56:42','2016-03-22 11:56:42'),(1331,'Замена реостат переключателя печки','8','2016-03-22 11:56:42','2016-03-22 11:56:42'),(1332,'Замена ролика ГРМ (натяжного)','8','2016-03-22 11:56:42','2016-03-22 11:56:42'),(1333,'Замена рулевого кардана','8','2016-03-22 11:56:42','2016-03-22 11:56:42'),(1334,'Замена рулевой рейки','8','2016-03-22 11:56:42','2016-03-22 11:56:42'),(1335,'Замена рулевой трапеции','8','2016-03-22 11:56:42','2016-03-22 11:56:42'),(1336,'Замена рулевой тяги','8','2016-03-22 11:56:42','2016-03-22 11:56:42'),(1337,'Замена ручки двери','8','2016-03-22 11:56:43','2016-03-22 11:56:43'),(1338,'Замена рычага переключения передач','8','2016-03-22 11:56:43','2016-03-22 11:56:43'),(1339,'Замена рычага(нижнего)','8','2016-03-22 11:56:43','2016-03-22 11:56:43'),(1340,'Замена рычага(нижнего) косточка','8','2016-03-22 11:56:43','2016-03-22 11:56:43'),(1341,'Замена сайлентблоков','8','2016-03-22 11:56:43','2016-03-22 11:56:43'),(1342,'Замена сайлентблоков (отечеств)','8','2016-03-22 11:56:43','2016-03-22 11:56:43'),(1343,'Замена сайлентблоков перед (иномарки)','8','2016-03-22 11:56:43','2016-03-22 11:56:43'),(1344,'Замена сайлентблоков продольных тяг','8','2016-03-22 11:56:43','2016-03-22 11:56:43'),(1345,'Замена сальника коленвала (переднего)','8','2016-03-22 11:56:43','2016-03-22 11:56:43'),(1346,'Замена сальника КПП','8','2016-03-22 11:56:43','2016-03-22 11:56:43'),(1347,'Замена сальника полуоси','8','2016-03-22 11:56:43','2016-03-22 11:56:43'),(1348,'Замена сальника редуктора заднего моста','8','2016-03-22 11:56:43','2016-03-22 11:56:43'),(1349,'Замена сальников клаппанов','8','2016-03-22 11:56:43','2016-03-22 11:56:43'),(1350,'Замена свечей зажигания','8','2016-03-22 11:56:43','2016-03-22 11:56:43'),(1351,'Замена стартера','8','2016-03-22 11:56:43','2016-03-22 11:56:43'),(1352,'Замена стекла лобового','8','2016-03-22 11:56:44','2016-03-22 11:56:44'),(1353,'Замена стоек стабилизатора (линьки)','8','2016-03-22 11:56:44','2016-03-22 11:56:44'),(1354,'Замена ступицы (в сборе)','8','2016-03-22 11:56:44','2016-03-22 11:56:44'),(1355,'Замена сцепления','8','2016-03-22 11:56:44','2016-03-22 11:56:44'),(1356,'Замена термостата','8','2016-03-22 11:56:44','2016-03-22 11:56:44'),(1357,'Замена тормозного суппорта','8','2016-03-22 11:56:44','2016-03-22 11:56:44'),(1358,'Замена тормозной жидкости','8','2016-03-22 11:56:44','2016-03-22 11:56:44'),(1359,'Замена тормозных дисков','8','2016-03-22 11:56:44','2016-03-22 11:56:44'),(1360,'Замена тормозных колодок(дисковые)','8','2016-03-22 11:56:44','2016-03-22 11:56:44'),(1361,'Замена тормозных колодок(задних)','8','2016-03-22 11:56:44','2016-03-22 11:56:44'),(1362,'Замена тормозных колодок(пердних)','8','2016-03-22 11:56:44','2016-03-22 11:56:44'),(1363,'Замена тосола','8','2016-03-22 11:56:44','2016-03-22 11:56:44'),(1364,'Замена траверса КПП','8','2016-03-22 11:56:44','2016-03-22 11:56:44'),(1365,'Замена тросов ручного тормоза','8','2016-03-22 11:56:44','2016-03-22 11:56:44'),(1366,'Замена тяги в сборе (поперечная) УАЗ','8','2016-03-22 11:56:44','2016-03-22 11:56:44'),(1367,'Замена фильтра (воздушного)','8','2016-03-22 11:56:44','2016-03-22 11:56:44'),(1368,'Замена фильтра (салон)','8','2016-03-22 11:56:45','2016-03-22 11:56:45'),(1369,'Замена фильтра (тон.очистки)','8','2016-03-22 11:56:45','2016-03-22 11:56:45'),(1370,'Замена фильтра (топливного)','8','2016-03-22 11:56:45','2016-03-22 11:56:45'),(1371,'Замена фильтра АКПП','8','2016-03-22 11:56:45','2016-03-22 11:56:45'),(1372,'Замена фильтров','8','2016-03-22 11:56:45','2016-03-22 11:56:45'),(1373,'Замена форсунок','8','2016-03-22 11:56:45','2016-03-22 11:56:45'),(1374,'Замена цилиндра сцепления (главный)','8','2016-03-22 11:56:45','2016-03-22 11:56:45'),(1375,'Замена цилиндра сцепления (рабочий)','8','2016-03-22 11:56:45','2016-03-22 11:56:45'),(1376,'Замена цилиндра тормозного (главного)','8','2016-03-22 11:56:45','2016-03-22 11:56:45'),(1377,'Замена цилиндра тормозного (заднего)','8','2016-03-22 11:56:45','2016-03-22 11:56:45'),(1378,'Замена шаровой опоры','8','2016-03-22 11:56:45','2016-03-22 11:56:45'),(1379,'Замена шестерни зажигания (ведущей)','8','2016-03-22 11:56:45','2016-03-22 11:56:45'),(1380,'Замена шестерни распредвала','8','2016-03-22 11:56:45','2016-03-22 11:56:45'),(1381,'Замена шкворней','8','2016-03-22 11:56:45','2016-03-22 11:56:45'),(1382,'Замена шланга топливного','8','2016-03-22 11:56:45','2016-03-22 11:56:45'),(1383,'Замена шланга тормозного','8','2016-03-22 11:56:45','2016-03-22 11:56:45'),(1384,'Заправка кондиционера','8','2016-03-22 11:56:46','2016-03-22 11:56:46'),(1385,'Мойка автомобиля','8','2016-03-22 11:56:46','2016-03-22 11:56:46'),(1386,'Мойка блока двигателя','8','2016-03-22 11:56:46','2016-03-22 11:56:46'),(1387,'Мойка головки двигателя','8','2016-03-22 11:56:46','2016-03-22 11:56:46'),(1388,'Мойка колеса','8','2016-03-22 11:56:46','2016-03-22 11:56:46'),(1389,'Набивка коленвала','8','2016-03-22 11:56:46','2016-03-22 11:56:46'),(1390,'Осмотр ходовой','8','2016-03-22 11:56:46','2016-03-22 11:56:46'),(1391,'Перебортовка колеса','8','2016-03-22 11:56:46','2016-03-22 11:56:46'),(1392,'Подкачка колеса','8','2016-03-22 11:56:46','2016-03-22 11:56:46'),(1393,'Правка диска колеса','8','2016-03-22 11:56:46','2016-03-22 11:56:46'),(1394,'Притирка клаппанов','8','2016-03-22 11:56:46','2016-03-22 11:56:46'),(1395,'Проверка клаппанов','8','2016-03-22 11:56:46','2016-03-22 11:56:46'),(1396,'Промазка колеса','8','2016-03-22 11:56:46','2016-03-22 11:56:46'),(1397,'Промазка колеса герметиком','8','2016-03-22 11:56:46','2016-03-22 11:56:46'),(1398,'Разборка/Сборка ДВС','8','2016-03-22 11:56:46','2016-03-22 11:56:46'),(1399,'Разбортовка колеса','8','2016-03-22 11:56:46','2016-03-22 11:56:46'),(1400,'Развал-схождения','8','2016-03-22 11:56:47','2016-03-22 11:56:47'),(1401,'Райбирование направляющих клаппанов','8','2016-03-22 11:56:47','2016-03-22 11:56:47'),(1402,'Регулеровка ручного тормоза','8','2016-03-22 11:56:47','2016-03-22 11:56:47'),(1403,'Регулировка','8','2016-03-22 11:56:47','2016-03-22 11:56:47'),(1404,'Регулировка клапанов (в диагностике)','8','2016-03-22 11:56:47','2016-03-22 11:56:47'),(1405,'Регулировка рулевой рейки','8','2016-03-22 11:56:47','2016-03-22 11:56:47'),(1406,'Ремонт блока предохранителей','8','2016-03-22 11:56:47','2016-03-22 11:56:47'),(1407,'Ремонт генератора','8','2016-03-22 11:56:47','2016-03-22 11:56:47'),(1408,'Ремонт головки блока','8','2016-03-22 11:56:47','2016-03-22 11:56:47'),(1409,'Ремонт замка (центрального)','8','2016-03-22 11:56:47','2016-03-22 11:56:47'),(1410,'Ремонт камеры','8','2016-03-22 11:56:47','2016-03-22 11:56:47'),(1411,'Ремонт кронштейна крепления рулевой рейки','8','2016-03-22 11:56:47','2016-03-22 11:56:47'),(1412,'Ремонт МКПП (коробки передач)','8','2016-03-22 11:56:47','2016-03-22 11:56:47'),(1413,'Ремонт стеклоподъемника','8','2016-03-22 11:56:48','2016-03-22 11:56:48'),(1414,'Ремонт шины','8','2016-03-22 11:56:48','2016-03-22 11:56:48'),(1415,'Ремонт шины грибком','8','2016-03-22 11:56:48','2016-03-22 11:56:48'),(1416,'Ремонт шины пластырем R-19','8','2016-03-22 11:56:48','2016-03-22 11:56:48'),(1417,'Ремонт электропроводки','8','2016-03-22 11:56:48','2016-03-22 11:56:48'),(1418,'Сварка защиты картера','8','2016-03-22 11:56:48','2016-03-22 11:56:48'),(1419,'Снятие/Установка головки блока','8','2016-03-22 11:56:48','2016-03-22 11:56:48'),(1420,'Снятие/Установка ДВС','8','2016-03-22 11:56:48','2016-03-22 11:56:48'),(1421,'Снятие/Установка колеса','8','2016-03-22 11:56:48','2016-03-22 11:56:48'),(1422,'Срез болтов','8','2016-03-22 11:56:48','2016-03-22 11:56:48'),(1423,'Установка пластырей','8','2016-03-22 11:56:48','2016-03-22 11:56:48'),(1424,'Установка руля','8','2016-03-22 11:56:48','2016-03-22 11:56:48'),(1425,'Чистка диска','8','2016-03-22 11:56:49','2016-03-22 11:56:49'),(1426,'Чистка инжектора','8','2016-03-22 11:56:49','2016-03-22 11:56:49'),(1427,'Чистка регулятора холостого хода','8','2016-03-22 11:56:49','2016-03-22 11:56:49'),(1428,'Чистка форсунок','8','2016-03-22 11:56:49','2016-03-22 11:56:49'),(1429,'Шлифовка головки блока','8','2016-03-22 11:56:49','2016-03-22 11:56:49'),(1430,'Шлифовка коленвала','8','2016-03-22 11:56:49','2016-03-22 11:56:49'),(1431,'Шлифовка кольца осевого хождения коленчатого вала','8','2016-03-22 11:56:49','2016-03-22 11:56:49'),(1432,'Шприцевание кардана (замена смазки) 1 шт?','8','2016-03-22 11:56:49','2016-03-22 11:56:49'),(1433,'Тест1','4','2016-04-05 23:26:01','2016-04-06 12:10:12'),(1434,'Тест','4','2016-04-05 23:27:26','2016-04-05 23:27:28');
/*!40000 ALTER TABLE `repair_type` ENABLE KEYS */;
UNLOCK TABLES;

--
-- Table structure for table `status`
--

DROP TABLE IF EXISTS `status`;
/*!40101 SET @saved_cs_client     = @@character_set_client */;
/*!40101 SET character_set_client = utf8 */;
CREATE TABLE `status` (
  `id` int(11) NOT NULL AUTO_INCREMENT,
  `name` text CHARACTER SET utf8 NOT NULL,
  PRIMARY KEY (`id`)
) ENGINE=InnoDB AUTO_INCREMENT=6 DEFAULT CHARSET=utf8 COLLATE=utf8_unicode_ci;
/*!40101 SET character_set_client = @saved_cs_client */;

--
-- Dumping data for table `status`
--

LOCK TABLES `status` WRITE;
/*!40000 ALTER TABLE `status` DISABLE KEYS */;
INSERT INTO `status` VALUES (1,'Черновик'),(2,'Заявка'),(3,'В работе'),(4,'Выполнен-Закрыт'),(5,'Отменен');
/*!40000 ALTER TABLE `status` ENABLE KEYS */;
UNLOCK TABLES;

--
-- Table structure for table `users`
--

DROP TABLE IF EXISTS `users`;
/*!40101 SET @saved_cs_client     = @@character_set_client */;
/*!40101 SET character_set_client = utf8 */;
CREATE TABLE `users` (
  `id` int(11) NOT NULL AUTO_INCREMENT,
  `name` text COLLATE utf8_unicode_ci NOT NULL,
  `password` text COLLATE utf8_unicode_ci NOT NULL,
  `role` varchar(32) COLLATE utf8_unicode_ci NOT NULL,
  `created_at` timestamp NOT NULL DEFAULT CURRENT_TIMESTAMP,
  `updated_at` timestamp NOT NULL DEFAULT '0000-00-00 00:00:00',
  `repair_box` text COLLATE utf8_unicode_ci,
  PRIMARY KEY (`id`)
) ENGINE=InnoDB AUTO_INCREMENT=13 DEFAULT CHARSET=utf8 COLLATE=utf8_unicode_ci;
/*!40101 SET character_set_client = @saved_cs_client */;

--
-- Dumping data for table `users`
--

LOCK TABLES `users` WRITE;
/*!40000 ALTER TABLE `users` DISABLE KEYS */;
INSERT INTO `users` VALUES (1,'vugluskr','e10adc3949ba59abbe56e057f20f883e','admin','2016-03-22 11:55:09','2016-03-22 11:55:09','all'),(2,'Петров Максим','e10adc3949ba59abbe56e057f20f883e','manager','2016-03-22 11:55:09','2016-03-22 11:55:09','all'),(3,'Двинских Андрей Станиславович','e10adc3949ba59abbe56e057f20f883e','mechanic','2016-03-22 11:55:09','2016-03-22 11:55:09','3'),(4,'Зайцев Сергей Валерьевич','e10adc3949ba59abbe56e057f20f883e','mechanic','2016-03-22 11:55:09','2016-03-22 11:55:09','5'),(5,'Константинов Евгений Алексеевич','e10adc3949ba59abbe56e057f20f883e','mechanic','2016-03-22 11:55:09','2016-03-22 11:55:09','1'),(6,'Мальцев Андрей Александрович','e10adc3949ba59abbe56e057f20f883e','mechanic','2016-03-22 11:55:09','2016-03-22 11:55:09','4'),(7,'Молчанов Павел Юрьевич','e10adc3949ba59abbe56e057f20f883e','mechanic','2016-03-22 11:55:09','2016-03-22 11:55:09','5'),(8,'Ротяков Евгений Николаевич','e10adc3949ba59abbe56e057f20f883e','mechanic','2016-03-22 11:55:09','2016-03-22 11:55:09','6'),(10,'Тюкавин Сергей Геннадьевич','e10adc3949ba59abbe56e057f20f883e','mechanic','2016-03-22 11:55:09','2016-03-22 11:55:09','4'),(11,'Уфимцев Максим','e10adc3949ba59abbe56e057f20f883e','mechanic','2016-03-22 11:55:09','2016-03-22 11:55:09','5'),(12,'Чермашенцев Алексей Борисович','e10adc3949ba59abbe56e057f20f883e','mechanic','2016-03-22 11:55:09','2016-03-22 11:55:09','6');
/*!40000 ALTER TABLE `users` ENABLE KEYS */;
UNLOCK TABLES;
/*!40103 SET TIME_ZONE=@OLD_TIME_ZONE */;

/*!40101 SET SQL_MODE=@OLD_SQL_MODE */;
/*!40014 SET FOREIGN_KEY_CHECKS=@OLD_FOREIGN_KEY_CHECKS */;
/*!40014 SET UNIQUE_CHECKS=@OLD_UNIQUE_CHECKS */;
/*!40101 SET CHARACTER_SET_CLIENT=@OLD_CHARACTER_SET_CLIENT */;
/*!40101 SET CHARACTER_SET_RESULTS=@OLD_CHARACTER_SET_RESULTS */;
/*!40101 SET COLLATION_CONNECTION=@OLD_COLLATION_CONNECTION */;
/*!40111 SET SQL_NOTES=@OLD_SQL_NOTES */;

-- Dump completed on 2016-04-25 18:14:53
